filename,label,source_dataset,generator,original_path
real/kaggle_deepfake_and_real_images_camera_photo_0174605bbd53.jpg,real,kaggle_deepfake_and_real_images,camera_photo,tools\eval-datasets\work\kaggle\Dataset\Validation\Real\real_3555.jpg
real/kaggle_deepfake_and_real_images_camera_photo_0200fab82d7e.jpg,real,kaggle_deepfake_and_real_images,camera_photo,tools\eval-datasets\work\kaggle\Dataset\Validation\Real\real_2000.jpg
real/kaggle_deepfake_and_real_images_camera_photo_053acac29eec.jpg,real,kaggle_deepfake_and_real_images,camera_photo,tools\eval-datasets\work\kaggle\Dataset\Train\Real\real_66394.jpg
real/kaggle_deepfake_and_real_images_camera_photo_09f8c68f87ef.jpg,real,kaggle_deepfake_and_real_images,camera_photo,tools\eval-datasets\work\kaggle\Dataset\Train\Real\real_10531.jpg
real/kaggle_deepfake_and_real_images_camera_photo_0b312f645ce5.jpg,real,kaggle_deepfake_and_real_images,camera_photo,tools\eval-datasets\work\kaggle\Dataset\Train\Real\real_28010.jpg
real/kaggle_deepfake_and_real_images_camera_photo_0d8f41709478.jpg,real,kaggle_deepfake_and_real_images,camera_photo,tools\eval-datasets\work\kaggle\Dataset\Validation\Real\real_19313.jpg
real/kaggle_deepfake_and_real_images_camera_photo_0da94d4e3401.jpg,real,kaggle_deepfake_and_real_images,camera_photo,tools\eval-datasets\work\kaggle\Dataset\Train\Real\real_5523.jpg
real/kaggle_deepfake_and_real_images_camera_photo_0ded3323d306.jpg,real,kaggle_deepfake_and_real_images,camera_photo,tools\eval-datasets\work\kaggle\Dataset\Train\Real\real_51450.jpg
real/kaggle_deepfake_and_real_images_camera_photo_0f5da59a2dd6.jpg,real,kaggle_deepfake_and_real_images,camera_photo,tools\eval-datasets\work\kaggle\Dataset\Train\Real\real_46750.jpg
real/kaggle_deepfake_and_real_images_camera_photo_0f757ed45426.jpg,real,kaggle_deepfake_and_real_images,camera_photo,tools\eval-datasets\work\kaggle\Dataset\Validation\Real\real_4505.jpg
real/kaggle_deepfake_and_real_images_camera_photo_100ae2d407ae.jpg,real,kaggle_deepfake_and_real_images,camera_photo,tools\eval-datasets\work\kaggle\Dataset\Train\Real\real_22522.jpg
real/kaggle_deepfake_and_real_images_camera_photo_11416dfcf332.jpg,real,kaggle_deepfake_and_real_images,camera_photo,tools\eval-datasets\work\kaggle\Dataset\Train\Real\real_60039.jpg
real/kaggle_deepfake_and_real_images_camera_photo_119777a1ba3d.jpg,real,kaggle_deepfake_and_real_images,camera_photo,tools\eval-datasets\work\kaggle\Dataset\Train\Real\real_53692.jpg
real/kaggle_deepfake_and_real_images_camera_photo_12d0088c35a6.jpg,real,kaggle_deepfake_and_real_images,camera_photo,tools\eval-datasets\work\kaggle\Dataset\Train\Real\real_23995.jpg
real/kaggle_deepfake_and_real_images_camera_photo_139ad7cc4935.jpg,real,kaggle_deepfake_and_real_images,camera_photo,tools\eval-datasets\work\kaggle\Dataset\Train\Real\real_22969.jpg
real/kaggle_deepfake_and_real_images_camera_photo_13bb507a5512.jpg,real,kaggle_deepfake_and_real_images,camera_photo,tools\eval-datasets\work\kaggle\Dataset\Train\Real\real_64868.jpg
real/kaggle_deepfake_and_real_images_camera_photo_1419d8bc51d5.jpg,real,kaggle_deepfake_and_real_images,camera_photo,tools\eval-datasets\work\kaggle\Dataset\Train\Real\real_15817.jpg
real/kaggle_deepfake_and_real_images_camera_photo_14e684874f12.jpg,real,kaggle_deepfake_and_real_images,camera_photo,tools\eval-datasets\work\kaggle\Dataset\Train\Real\real_57299.jpg
real/kaggle_deepfake_and_real_images_camera_photo_14efcddcc760.jpg,real,kaggle_deepfake_and_real_images,camera_photo,tools\eval-datasets\work\kaggle\Dataset\Train\Real\real_28063.jpg
real/kaggle_deepfake_and_real_images_camera_photo_15865f299c22.jpg,real,kaggle_deepfake_and_real_images,camera_photo,tools\eval-datasets\work\kaggle\Dataset\Train\Real\real_19600.jpg
real/kaggle_deepfake_and_real_images_camera_photo_17237015d4f3.jpg,real,kaggle_deepfake_and_real_images,camera_photo,tools\eval-datasets\work\kaggle\Dataset\Train\Real\real_9016.jpg
real/kaggle_deepfake_and_real_images_camera_photo_1725f4737442.jpg,real,kaggle_deepfake_and_real_images,camera_photo,tools\eval-datasets\work\kaggle\Dataset\Train\Real\real_40027.jpg
real/kaggle_deepfake_and_real_images_camera_photo_172a4ffd8de8.jpg,real,kaggle_deepfake_and_real_images,camera_photo,tools\eval-datasets\work\kaggle\Dataset\Train\Real\real_1790.jpg
real/kaggle_deepfake_and_real_images_camera_photo_18e0cb28a7b4.jpg,real,kaggle_deepfake_and_real_images,camera_photo,tools\eval-datasets\work\kaggle\Dataset\Validation\Real\real_5119.jpg
real/kaggle_deepfake_and_real_images_camera_photo_1d4c1e7ffff6.jpg,real,kaggle_deepfake_and_real_images,camera_photo,tools\eval-datasets\work\kaggle\Dataset\Train\Real\real_17857.jpg
real/kaggle_deepfake_and_real_images_camera_photo_1defa4e59e2a.jpg,real,kaggle_deepfake_and_real_images,camera_photo,tools\eval-datasets\work\kaggle\Dataset\Train\Real\real_37584.jpg
real/kaggle_deepfake_and_real_images_camera_photo_1e21809edb1d.jpg,real,kaggle_deepfake_and_real_images,camera_photo,tools\eval-datasets\work\kaggle\Dataset\Train\Real\real_15783.jpg
real/kaggle_deepfake_and_real_images_camera_photo_1e763c88c326.jpg,real,kaggle_deepfake_and_real_images,camera_photo,tools\eval-datasets\work\kaggle\Dataset\Validation\Real\real_2068.jpg
real/kaggle_deepfake_and_real_images_camera_photo_202e6b1ed1ff.jpg,real,kaggle_deepfake_and_real_images,camera_photo,tools\eval-datasets\work\kaggle\Dataset\Train\Real\real_766.jpg
real/kaggle_deepfake_and_real_images_camera_photo_2464c2683e7a.jpg,real,kaggle_deepfake_and_real_images,camera_photo,tools\eval-datasets\work\kaggle\Dataset\Validation\Real\real_4204.jpg
real/kaggle_deepfake_and_real_images_camera_photo_24a75542ef1a.jpg,real,kaggle_deepfake_and_real_images,camera_photo,tools\eval-datasets\work\kaggle\Dataset\Test\Real\real_4554.jpg
real/kaggle_deepfake_and_real_images_camera_photo_255cd8b9d4c6.jpg,real,kaggle_deepfake_and_real_images,camera_photo,tools\eval-datasets\work\kaggle\Dataset\Test\Real\real_393.jpg
real/kaggle_deepfake_and_real_images_camera_photo_256e5a3b9231.jpg,real,kaggle_deepfake_and_real_images,camera_photo,tools\eval-datasets\work\kaggle\Dataset\Train\Real\real_8982.jpg
real/kaggle_deepfake_and_real_images_camera_photo_25a194e3e127.jpg,real,kaggle_deepfake_and_real_images,camera_photo,tools\eval-datasets\work\kaggle\Dataset\Test\Real\real_1368.jpg
real/kaggle_deepfake_and_real_images_camera_photo_266e7a871ca3.jpg,real,kaggle_deepfake_and_real_images,camera_photo,tools\eval-datasets\work\kaggle\Dataset\Train\Real\real_30340.jpg
real/kaggle_deepfake_and_real_images_camera_photo_279a94f0f448.jpg,real,kaggle_deepfake_and_real_images,camera_photo,tools\eval-datasets\work\kaggle\Dataset\Test\Real\real_3516.jpg
real/kaggle_deepfake_and_real_images_camera_photo_27e707569122.jpg,real,kaggle_deepfake_and_real_images,camera_photo,tools\eval-datasets\work\kaggle\Dataset\Validation\Real\real_10221.jpg
real/kaggle_deepfake_and_real_images_camera_photo_28a9c75f69f4.jpg,real,kaggle_deepfake_and_real_images,camera_photo,tools\eval-datasets\work\kaggle\Dataset\Train\Real\real_36663.jpg
real/kaggle_deepfake_and_real_images_camera_photo_2a2f506140c4.jpg,real,kaggle_deepfake_and_real_images,camera_photo,tools\eval-datasets\work\kaggle\Dataset\Validation\Real\real_15573.jpg
real/kaggle_deepfake_and_real_images_camera_photo_2a982af20824.jpg,real,kaggle_deepfake_and_real_images,camera_photo,tools\eval-datasets\work\kaggle\Dataset\Train\Real\real_42256.jpg
real/kaggle_deepfake_and_real_images_camera_photo_2d0d030c7403.jpg,real,kaggle_deepfake_and_real_images,camera_photo,tools\eval-datasets\work\kaggle\Dataset\Train\Real\real_25420.jpg
real/kaggle_deepfake_and_real_images_camera_photo_2d6b5da66dc6.jpg,real,kaggle_deepfake_and_real_images,camera_photo,tools\eval-datasets\work\kaggle\Dataset\Train\Real\real_7026.jpg
real/kaggle_deepfake_and_real_images_camera_photo_2fd20ee950c6.jpg,real,kaggle_deepfake_and_real_images,camera_photo,tools\eval-datasets\work\kaggle\Dataset\Train\Real\real_50567.jpg
real/kaggle_deepfake_and_real_images_camera_photo_30410e510142.jpg,real,kaggle_deepfake_and_real_images,camera_photo,tools\eval-datasets\work\kaggle\Dataset\Train\Real\real_61641.jpg
real/kaggle_deepfake_and_real_images_camera_photo_306b0b1ff597.jpg,real,kaggle_deepfake_and_real_images,camera_photo,tools\eval-datasets\work\kaggle\Dataset\Validation\Real\real_744.jpg
real/kaggle_deepfake_and_real_images_camera_photo_32d70b493e75.jpg,real,kaggle_deepfake_and_real_images,camera_photo,tools\eval-datasets\work\kaggle\Dataset\Validation\Real\real_3898.jpg
real/kaggle_deepfake_and_real_images_camera_photo_36f8d53c28ca.jpg,real,kaggle_deepfake_and_real_images,camera_photo,tools\eval-datasets\work\kaggle\Dataset\Train\Real\real_24844.jpg
real/kaggle_deepfake_and_real_images_camera_photo_3b748d773edf.jpg,real,kaggle_deepfake_and_real_images,camera_photo,tools\eval-datasets\work\kaggle\Dataset\Train\Real\real_6829.jpg
real/kaggle_deepfake_and_real_images_camera_photo_3b8dd8be6626.jpg,real,kaggle_deepfake_and_real_images,camera_photo,tools\eval-datasets\work\kaggle\Dataset\Train\Real\real_3904.jpg
real/kaggle_deepfake_and_real_images_camera_photo_3bbb45fc26d5.jpg,real,kaggle_deepfake_and_real_images,camera_photo,tools\eval-datasets\work\kaggle\Dataset\Train\Real\real_55568.jpg
real/kaggle_deepfake_and_real_images_camera_photo_3f41f1e48b2e.jpg,real,kaggle_deepfake_and_real_images,camera_photo,tools\eval-datasets\work\kaggle\Dataset\Train\Real\real_56070.jpg
real/kaggle_deepfake_and_real_images_camera_photo_4189971ee8cd.jpg,real,kaggle_deepfake_and_real_images,camera_photo,tools\eval-datasets\work\kaggle\Dataset\Train\Real\real_42478.jpg
real/kaggle_deepfake_and_real_images_camera_photo_419f102b13b9.jpg,real,kaggle_deepfake_and_real_images,camera_photo,tools\eval-datasets\work\kaggle\Dataset\Train\Real\real_22148.jpg
real/kaggle_deepfake_and_real_images_camera_photo_425ec7470644.jpg,real,kaggle_deepfake_and_real_images,camera_photo,tools\eval-datasets\work\kaggle\Dataset\Train\Real\real_25644.jpg
real/kaggle_deepfake_and_real_images_camera_photo_4389db01698f.jpg,real,kaggle_deepfake_and_real_images,camera_photo,tools\eval-datasets\work\kaggle\Dataset\Validation\Real\real_16065.jpg
real/kaggle_deepfake_and_real_images_camera_photo_4459ef1be494.jpg,real,kaggle_deepfake_and_real_images,camera_photo,tools\eval-datasets\work\kaggle\Dataset\Train\Real\real_66665.jpg
real/kaggle_deepfake_and_real_images_camera_photo_44a04980da27.jpg,real,kaggle_deepfake_and_real_images,camera_photo,tools\eval-datasets\work\kaggle\Dataset\Train\Real\real_61253.jpg
real/kaggle_deepfake_and_real_images_camera_photo_45558bb9594c.jpg,real,kaggle_deepfake_and_real_images,camera_photo,tools\eval-datasets\work\kaggle\Dataset\Train\Real\real_27832.jpg
real/kaggle_deepfake_and_real_images_camera_photo_469cf1b751d4.jpg,real,kaggle_deepfake_and_real_images,camera_photo,tools\eval-datasets\work\kaggle\Dataset\Validation\Real\real_2812.jpg
real/kaggle_deepfake_and_real_images_camera_photo_4857ae223436.jpg,real,kaggle_deepfake_and_real_images,camera_photo,tools\eval-datasets\work\kaggle\Dataset\Train\Real\real_64831.jpg
real/kaggle_deepfake_and_real_images_camera_photo_48a1b5595358.jpg,real,kaggle_deepfake_and_real_images,camera_photo,tools\eval-datasets\work\kaggle\Dataset\Train\Real\real_10008.jpg
real/kaggle_deepfake_and_real_images_camera_photo_4a317c4d434e.jpg,real,kaggle_deepfake_and_real_images,camera_photo,tools\eval-datasets\work\kaggle\Dataset\Test\Real\real_1501.jpg
real/kaggle_deepfake_and_real_images_camera_photo_4a31cca2b2f3.jpg,real,kaggle_deepfake_and_real_images,camera_photo,tools\eval-datasets\work\kaggle\Dataset\Test\Real\real_2436.jpg
real/kaggle_deepfake_and_real_images_camera_photo_4ac38a581574.jpg,real,kaggle_deepfake_and_real_images,camera_photo,tools\eval-datasets\work\kaggle\Dataset\Train\Real\real_28189.jpg
real/kaggle_deepfake_and_real_images_camera_photo_4af49e1b8f4a.jpg,real,kaggle_deepfake_and_real_images,camera_photo,tools\eval-datasets\work\kaggle\Dataset\Train\Real\real_18453.jpg
real/kaggle_deepfake_and_real_images_camera_photo_4b1ff5ebea46.jpg,real,kaggle_deepfake_and_real_images,camera_photo,tools\eval-datasets\work\kaggle\Dataset\Train\Real\real_20646.jpg
real/kaggle_deepfake_and_real_images_camera_photo_4c3fd8f51ce1.jpg,real,kaggle_deepfake_and_real_images,camera_photo,tools\eval-datasets\work\kaggle\Dataset\Train\Real\real_29861.jpg
real/kaggle_deepfake_and_real_images_camera_photo_4cd078221106.jpg,real,kaggle_deepfake_and_real_images,camera_photo,tools\eval-datasets\work\kaggle\Dataset\Train\Real\real_17894.jpg
real/kaggle_deepfake_and_real_images_camera_photo_4d4289c6a3dc.jpg,real,kaggle_deepfake_and_real_images,camera_photo,tools\eval-datasets\work\kaggle\Dataset\Train\Real\real_37747.jpg
real/kaggle_deepfake_and_real_images_camera_photo_4d8715849fc9.jpg,real,kaggle_deepfake_and_real_images,camera_photo,tools\eval-datasets\work\kaggle\Dataset\Train\Real\real_10627.jpg
real/kaggle_deepfake_and_real_images_camera_photo_4fa70cfa9c8c.jpg,real,kaggle_deepfake_and_real_images,camera_photo,tools\eval-datasets\work\kaggle\Dataset\Validation\Real\real_6693.jpg
real/kaggle_deepfake_and_real_images_camera_photo_4fe84a524e0e.jpg,real,kaggle_deepfake_and_real_images,camera_photo,tools\eval-datasets\work\kaggle\Dataset\Validation\Real\real_3229.jpg
real/kaggle_deepfake_and_real_images_camera_photo_500d0442051e.jpg,real,kaggle_deepfake_and_real_images,camera_photo,tools\eval-datasets\work\kaggle\Dataset\Train\Real\real_24563.jpg
real/kaggle_deepfake_and_real_images_camera_photo_51286942761b.jpg,real,kaggle_deepfake_and_real_images,camera_photo,tools\eval-datasets\work\kaggle\Dataset\Validation\Real\real_366.jpg
real/kaggle_deepfake_and_real_images_camera_photo_51fcac21e5bb.jpg,real,kaggle_deepfake_and_real_images,camera_photo,tools\eval-datasets\work\kaggle\Dataset\Train\Real\real_40776.jpg
real/kaggle_deepfake_and_real_images_camera_photo_524e63f25c2e.jpg,real,kaggle_deepfake_and_real_images,camera_photo,tools\eval-datasets\work\kaggle\Dataset\Train\Real\real_36814.jpg
real/kaggle_deepfake_and_real_images_camera_photo_54b382751914.jpg,real,kaggle_deepfake_and_real_images,camera_photo,tools\eval-datasets\work\kaggle\Dataset\Train\Real\real_14265.jpg
real/kaggle_deepfake_and_real_images_camera_photo_55b0f9735b31.jpg,real,kaggle_deepfake_and_real_images,camera_photo,tools\eval-datasets\work\kaggle\Dataset\Train\Real\real_16103.jpg
real/kaggle_deepfake_and_real_images_camera_photo_561b90f95819.jpg,real,kaggle_deepfake_and_real_images,camera_photo,tools\eval-datasets\work\kaggle\Dataset\Train\Real\real_62290.jpg
real/kaggle_deepfake_and_real_images_camera_photo_57d8d4d808c6.jpg,real,kaggle_deepfake_and_real_images,camera_photo,tools\eval-datasets\work\kaggle\Dataset\Train\Real\real_36039.jpg
real/kaggle_deepfake_and_real_images_camera_photo_595cd4958a53.jpg,real,kaggle_deepfake_and_real_images,camera_photo,tools\eval-datasets\work\kaggle\Dataset\Train\Real\real_8922.jpg
real/kaggle_deepfake_and_real_images_camera_photo_5a5428dded71.jpg,real,kaggle_deepfake_and_real_images,camera_photo,tools\eval-datasets\work\kaggle\Dataset\Train\Real\real_34666.jpg
real/kaggle_deepfake_and_real_images_camera_photo_5ad646af2c45.jpg,real,kaggle_deepfake_and_real_images,camera_photo,tools\eval-datasets\work\kaggle\Dataset\Validation\Real\real_7900.jpg
real/kaggle_deepfake_and_real_images_camera_photo_5cc4ddb538b9.jpg,real,kaggle_deepfake_and_real_images,camera_photo,tools\eval-datasets\work\kaggle\Dataset\Train\Real\real_3857.jpg
real/kaggle_deepfake_and_real_images_camera_photo_5da3556d572a.jpg,real,kaggle_deepfake_and_real_images,camera_photo,tools\eval-datasets\work\kaggle\Dataset\Validation\Real\real_19746.jpg
real/kaggle_deepfake_and_real_images_camera_photo_5eaab96aec8e.jpg,real,kaggle_deepfake_and_real_images,camera_photo,tools\eval-datasets\work\kaggle\Dataset\Train\Real\real_18087.jpg
real/kaggle_deepfake_and_real_images_camera_photo_6042be34f71f.jpg,real,kaggle_deepfake_and_real_images,camera_photo,tools\eval-datasets\work\kaggle\Dataset\Train\Real\real_5470.jpg
real/kaggle_deepfake_and_real_images_camera_photo_6127f64de32e.jpg,real,kaggle_deepfake_and_real_images,camera_photo,tools\eval-datasets\work\kaggle\Dataset\Train\Real\real_44835.jpg
real/kaggle_deepfake_and_real_images_camera_photo_61cf574fbb34.jpg,real,kaggle_deepfake_and_real_images,camera_photo,tools\eval-datasets\work\kaggle\Dataset\Test\Real\real_2506.jpg
real/kaggle_deepfake_and_real_images_camera_photo_632346e33620.jpg,real,kaggle_deepfake_and_real_images,camera_photo,tools\eval-datasets\work\kaggle\Dataset\Train\Real\real_19880.jpg
real/kaggle_deepfake_and_real_images_camera_photo_6574a47828c6.jpg,real,kaggle_deepfake_and_real_images,camera_photo,tools\eval-datasets\work\kaggle\Dataset\Train\Real\real_43789.jpg
real/kaggle_deepfake_and_real_images_camera_photo_66e14b69e87c.jpg,real,kaggle_deepfake_and_real_images,camera_photo,tools\eval-datasets\work\kaggle\Dataset\Train\Real\real_46004.jpg
real/kaggle_deepfake_and_real_images_camera_photo_68fb9eb38501.jpg,real,kaggle_deepfake_and_real_images,camera_photo,tools\eval-datasets\work\kaggle\Dataset\Validation\Real\real_1763.jpg
real/kaggle_deepfake_and_real_images_camera_photo_6a6eb2be3565.jpg,real,kaggle_deepfake_and_real_images,camera_photo,tools\eval-datasets\work\kaggle\Dataset\Train\Real\real_68769.jpg
real/kaggle_deepfake_and_real_images_camera_photo_6b97181a8a3e.jpg,real,kaggle_deepfake_and_real_images,camera_photo,tools\eval-datasets\work\kaggle\Dataset\Train\Real\real_27022.jpg
real/kaggle_deepfake_and_real_images_camera_photo_6c8bca41f9d4.jpg,real,kaggle_deepfake_and_real_images,camera_photo,tools\eval-datasets\work\kaggle\Dataset\Test\Real\real_116.jpg
real/kaggle_deepfake_and_real_images_camera_photo_6ca45ab971a1.jpg,real,kaggle_deepfake_and_real_images,camera_photo,tools\eval-datasets\work\kaggle\Dataset\Train\Real\real_4615.jpg
real/kaggle_deepfake_and_real_images_camera_photo_6da5a7a2645a.jpg,real,kaggle_deepfake_and_real_images,camera_photo,tools\eval-datasets\work\kaggle\Dataset\Train\Real\real_41379.jpg
real/kaggle_deepfake_and_real_images_camera_photo_6e3845976f9c.jpg,real,kaggle_deepfake_and_real_images,camera_photo,tools\eval-datasets\work\kaggle\Dataset\Train\Real\real_5294.jpg
real/kaggle_deepfake_and_real_images_camera_photo_6e4cc773f3c9.jpg,real,kaggle_deepfake_and_real_images,camera_photo,tools\eval-datasets\work\kaggle\Dataset\Test\Real\real_4725.jpg
real/kaggle_deepfake_and_real_images_camera_photo_6f88a0803cb8.jpg,real,kaggle_deepfake_and_real_images,camera_photo,tools\eval-datasets\work\kaggle\Dataset\Train\Real\real_12482.jpg
real/kaggle_deepfake_and_real_images_camera_photo_712dc2ac3b8b.jpg,real,kaggle_deepfake_and_real_images,camera_photo,tools\eval-datasets\work\kaggle\Dataset\Train\Real\real_66106.jpg
real/kaggle_deepfake_and_real_images_camera_photo_7434d1e38e10.jpg,real,kaggle_deepfake_and_real_images,camera_photo,tools\eval-datasets\work\kaggle\Dataset\Test\Real\real_209.jpg
real/kaggle_deepfake_and_real_images_camera_photo_749c772d4c2b.jpg,real,kaggle_deepfake_and_real_images,camera_photo,tools\eval-datasets\work\kaggle\Dataset\Validation\Real\real_9147.jpg
real/kaggle_deepfake_and_real_images_camera_photo_752b1a32710b.jpg,real,kaggle_deepfake_and_real_images,camera_photo,tools\eval-datasets\work\kaggle\Dataset\Train\Real\real_51985.jpg
real/kaggle_deepfake_and_real_images_camera_photo_75d21ee1d5f6.jpg,real,kaggle_deepfake_and_real_images,camera_photo,tools\eval-datasets\work\kaggle\Dataset\Train\Real\real_14144.jpg
real/kaggle_deepfake_and_real_images_camera_photo_75df09c9fa87.jpg,real,kaggle_deepfake_and_real_images,camera_photo,tools\eval-datasets\work\kaggle\Dataset\Train\Real\real_37822.jpg
real/kaggle_deepfake_and_real_images_camera_photo_7663a75cdf23.jpg,real,kaggle_deepfake_and_real_images,camera_photo,tools\eval-datasets\work\kaggle\Dataset\Train\Real\real_104.jpg
real/kaggle_deepfake_and_real_images_camera_photo_7796abac66f5.jpg,real,kaggle_deepfake_and_real_images,camera_photo,tools\eval-datasets\work\kaggle\Dataset\Train\Real\real_32721.jpg
real/kaggle_deepfake_and_real_images_camera_photo_786630067e94.jpg,real,kaggle_deepfake_and_real_images,camera_photo,tools\eval-datasets\work\kaggle\Dataset\Train\Real\real_7720.jpg
real/kaggle_deepfake_and_real_images_camera_photo_7c185f86c327.jpg,real,kaggle_deepfake_and_real_images,camera_photo,tools\eval-datasets\work\kaggle\Dataset\Test\Real\real_4312.jpg
real/kaggle_deepfake_and_real_images_camera_photo_7c5cf1e3b2a1.jpg,real,kaggle_deepfake_and_real_images,camera_photo,tools\eval-datasets\work\kaggle\Dataset\Validation\Real\real_1782.jpg
real/kaggle_deepfake_and_real_images_camera_photo_7cec798f33b4.jpg,real,kaggle_deepfake_and_real_images,camera_photo,tools\eval-datasets\work\kaggle\Dataset\Validation\Real\real_14744.jpg
real/kaggle_deepfake_and_real_images_camera_photo_7d979f2f4e83.jpg,real,kaggle_deepfake_and_real_images,camera_photo,tools\eval-datasets\work\kaggle\Dataset\Train\Real\real_25236.jpg
real/kaggle_deepfake_and_real_images_camera_photo_805964088353.jpg,real,kaggle_deepfake_and_real_images,camera_photo,tools\eval-datasets\work\kaggle\Dataset\Train\Real\real_42819.jpg
real/kaggle_deepfake_and_real_images_camera_photo_824f93373efb.jpg,real,kaggle_deepfake_and_real_images,camera_photo,tools\eval-datasets\work\kaggle\Dataset\Train\Real\real_53066.jpg
real/kaggle_deepfake_and_real_images_camera_photo_8408f60f1db9.jpg,real,kaggle_deepfake_and_real_images,camera_photo,tools\eval-datasets\work\kaggle\Dataset\Train\Real\real_46166.jpg
real/kaggle_deepfake_and_real_images_camera_photo_846af99661f4.jpg,real,kaggle_deepfake_and_real_images,camera_photo,tools\eval-datasets\work\kaggle\Dataset\Train\Real\real_54269.jpg
real/kaggle_deepfake_and_real_images_camera_photo_846c39a2aa94.jpg,real,kaggle_deepfake_and_real_images,camera_photo,tools\eval-datasets\work\kaggle\Dataset\Train\Real\real_16227.jpg
real/kaggle_deepfake_and_real_images_camera_photo_84df8023aa32.jpg,real,kaggle_deepfake_and_real_images,camera_photo,tools\eval-datasets\work\kaggle\Dataset\Train\Real\real_57387.jpg
real/kaggle_deepfake_and_real_images_camera_photo_855db663db6b.jpg,real,kaggle_deepfake_and_real_images,camera_photo,tools\eval-datasets\work\kaggle\Dataset\Train\Real\real_13845.jpg
real/kaggle_deepfake_and_real_images_camera_photo_85ccf62e0a9e.jpg,real,kaggle_deepfake_and_real_images,camera_photo,tools\eval-datasets\work\kaggle\Dataset\Validation\Real\real_18685.jpg
real/kaggle_deepfake_and_real_images_camera_photo_86f61638a644.jpg,real,kaggle_deepfake_and_real_images,camera_photo,tools\eval-datasets\work\kaggle\Dataset\Validation\Real\real_14028.jpg
real/kaggle_deepfake_and_real_images_camera_photo_87d3af1e7854.jpg,real,kaggle_deepfake_and_real_images,camera_photo,tools\eval-datasets\work\kaggle\Dataset\Train\Real\real_5023.jpg
real/kaggle_deepfake_and_real_images_camera_photo_8828d7723daf.jpg,real,kaggle_deepfake_and_real_images,camera_photo,tools\eval-datasets\work\kaggle\Dataset\Train\Real\real_58803.jpg
real/kaggle_deepfake_and_real_images_camera_photo_89d9b8d3e65c.jpg,real,kaggle_deepfake_and_real_images,camera_photo,tools\eval-datasets\work\kaggle\Dataset\Train\Real\real_23812.jpg
real/kaggle_deepfake_and_real_images_camera_photo_8aec41c332e2.jpg,real,kaggle_deepfake_and_real_images,camera_photo,tools\eval-datasets\work\kaggle\Dataset\Train\Real\real_5003.jpg
real/kaggle_deepfake_and_real_images_camera_photo_8b24ea39a6d5.jpg,real,kaggle_deepfake_and_real_images,camera_photo,tools\eval-datasets\work\kaggle\Dataset\Train\Real\real_9271.jpg
real/kaggle_deepfake_and_real_images_camera_photo_8c18012deddf.jpg,real,kaggle_deepfake_and_real_images,camera_photo,tools\eval-datasets\work\kaggle\Dataset\Train\Real\real_21207.jpg
real/kaggle_deepfake_and_real_images_camera_photo_8da317dbef74.jpg,real,kaggle_deepfake_and_real_images,camera_photo,tools\eval-datasets\work\kaggle\Dataset\Train\Real\real_17330.jpg
real/kaggle_deepfake_and_real_images_camera_photo_8f6844391566.jpg,real,kaggle_deepfake_and_real_images,camera_photo,tools\eval-datasets\work\kaggle\Dataset\Train\Real\real_46892.jpg
real/kaggle_deepfake_and_real_images_camera_photo_9194d3b84ea2.jpg,real,kaggle_deepfake_and_real_images,camera_photo,tools\eval-datasets\work\kaggle\Dataset\Train\Real\real_48658.jpg
real/kaggle_deepfake_and_real_images_camera_photo_93b22ae4abe5.jpg,real,kaggle_deepfake_and_real_images,camera_photo,tools\eval-datasets\work\kaggle\Dataset\Train\Real\real_17735.jpg
real/kaggle_deepfake_and_real_images_camera_photo_93e5ca6ba87f.jpg,real,kaggle_deepfake_and_real_images,camera_photo,tools\eval-datasets\work\kaggle\Dataset\Train\Real\real_36760.jpg
real/kaggle_deepfake_and_real_images_camera_photo_94178c0228bd.jpg,real,kaggle_deepfake_and_real_images,camera_photo,tools\eval-datasets\work\kaggle\Dataset\Train\Real\real_42863.jpg
real/kaggle_deepfake_and_real_images_camera_photo_9459fc87d406.jpg,real,kaggle_deepfake_and_real_images,camera_photo,tools\eval-datasets\work\kaggle\Dataset\Train\Real\real_15305.jpg
real/kaggle_deepfake_and_real_images_camera_photo_9468b1d3b52f.jpg,real,kaggle_deepfake_and_real_images,camera_photo,tools\eval-datasets\work\kaggle\Dataset\Train\Real\real_21038.jpg
real/kaggle_deepfake_and_real_images_camera_photo_948ef2d89033.jpg,real,kaggle_deepfake_and_real_images,camera_photo,tools\eval-datasets\work\kaggle\Dataset\Train\Real\real_60756.jpg
real/kaggle_deepfake_and_real_images_camera_photo_96a0d7cd9b5c.jpg,real,kaggle_deepfake_and_real_images,camera_photo,tools\eval-datasets\work\kaggle\Dataset\Train\Real\real_25533.jpg
real/kaggle_deepfake_and_real_images_camera_photo_96dda89c3c91.jpg,real,kaggle_deepfake_and_real_images,camera_photo,tools\eval-datasets\work\kaggle\Dataset\Train\Real\real_68035.jpg
real/kaggle_deepfake_and_real_images_camera_photo_98373971eb7f.jpg,real,kaggle_deepfake_and_real_images,camera_photo,tools\eval-datasets\work\kaggle\Dataset\Train\Real\real_38936.jpg
real/kaggle_deepfake_and_real_images_camera_photo_987146066877.jpg,real,kaggle_deepfake_and_real_images,camera_photo,tools\eval-datasets\work\kaggle\Dataset\Train\Real\real_47632.jpg
real/kaggle_deepfake_and_real_images_camera_photo_988220a434e9.jpg,real,kaggle_deepfake_and_real_images,camera_photo,tools\eval-datasets\work\kaggle\Dataset\Train\Real\real_7405.jpg
real/kaggle_deepfake_and_real_images_camera_photo_98acb3ac9bf3.jpg,real,kaggle_deepfake_and_real_images,camera_photo,tools\eval-datasets\work\kaggle\Dataset\Train\Real\real_7478.jpg
real/kaggle_deepfake_and_real_images_camera_photo_99143e24a5e4.jpg,real,kaggle_deepfake_and_real_images,camera_photo,tools\eval-datasets\work\kaggle\Dataset\Train\Real\real_533.jpg
real/kaggle_deepfake_and_real_images_camera_photo_995f0a34f97f.jpg,real,kaggle_deepfake_and_real_images,camera_photo,tools\eval-datasets\work\kaggle\Dataset\Test\Real\real_4255.jpg
real/kaggle_deepfake_and_real_images_camera_photo_99c9119e554d.jpg,real,kaggle_deepfake_and_real_images,camera_photo,tools\eval-datasets\work\kaggle\Dataset\Train\Real\real_43412.jpg
real/kaggle_deepfake_and_real_images_camera_photo_99e270ed352c.jpg,real,kaggle_deepfake_and_real_images,camera_photo,tools\eval-datasets\work\kaggle\Dataset\Train\Real\real_53268.jpg
real/kaggle_deepfake_and_real_images_camera_photo_9a32af1619fd.jpg,real,kaggle_deepfake_and_real_images,camera_photo,tools\eval-datasets\work\kaggle\Dataset\Train\Real\real_54603.jpg
real/kaggle_deepfake_and_real_images_camera_photo_9a692dd0dc7c.jpg,real,kaggle_deepfake_and_real_images,camera_photo,tools\eval-datasets\work\kaggle\Dataset\Train\Real\real_68838.jpg
real/kaggle_deepfake_and_real_images_camera_photo_9abdc2fdf89c.jpg,real,kaggle_deepfake_and_real_images,camera_photo,tools\eval-datasets\work\kaggle\Dataset\Train\Real\real_61115.jpg
real/kaggle_deepfake_and_real_images_camera_photo_9cc37630c923.jpg,real,kaggle_deepfake_and_real_images,camera_photo,tools\eval-datasets\work\kaggle\Dataset\Train\Real\real_17927.jpg
real/kaggle_deepfake_and_real_images_camera_photo_9ebafca3f48a.jpg,real,kaggle_deepfake_and_real_images,camera_photo,tools\eval-datasets\work\kaggle\Dataset\Train\Real\real_24018.jpg
real/kaggle_deepfake_and_real_images_camera_photo_9ed5d4be63a6.jpg,real,kaggle_deepfake_and_real_images,camera_photo,tools\eval-datasets\work\kaggle\Dataset\Train\Real\real_5257.jpg
real/kaggle_deepfake_and_real_images_camera_photo_9f0218f0fb6f.jpg,real,kaggle_deepfake_and_real_images,camera_photo,tools\eval-datasets\work\kaggle\Dataset\Train\Real\real_2232.jpg
real/kaggle_deepfake_and_real_images_camera_photo_9f0eeb6ddaf6.jpg,real,kaggle_deepfake_and_real_images,camera_photo,tools\eval-datasets\work\kaggle\Dataset\Train\Real\real_3576.jpg
real/kaggle_deepfake_and_real_images_camera_photo_9f4ceadd5062.jpg,real,kaggle_deepfake_and_real_images,camera_photo,tools\eval-datasets\work\kaggle\Dataset\Train\Real\real_11402.jpg
real/kaggle_deepfake_and_real_images_camera_photo_a114cdf36ca6.jpg,real,kaggle_deepfake_and_real_images,camera_photo,tools\eval-datasets\work\kaggle\Dataset\Train\Real\real_56128.jpg
real/kaggle_deepfake_and_real_images_camera_photo_a4f431b090a4.jpg,real,kaggle_deepfake_and_real_images,camera_photo,tools\eval-datasets\work\kaggle\Dataset\Train\Real\real_43483.jpg
real/kaggle_deepfake_and_real_images_camera_photo_a534423c7c30.jpg,real,kaggle_deepfake_and_real_images,camera_photo,tools\eval-datasets\work\kaggle\Dataset\Validation\Real\real_12452.jpg
real/kaggle_deepfake_and_real_images_camera_photo_a5e24b34fcc1.jpg,real,kaggle_deepfake_and_real_images,camera_photo,tools\eval-datasets\work\kaggle\Dataset\Train\Real\real_13093.jpg
real/kaggle_deepfake_and_real_images_camera_photo_a8c6ed901de8.jpg,real,kaggle_deepfake_and_real_images,camera_photo,tools\eval-datasets\work\kaggle\Dataset\Train\Real\real_31273.jpg
real/kaggle_deepfake_and_real_images_camera_photo_aa3e19afe952.jpg,real,kaggle_deepfake_and_real_images,camera_photo,tools\eval-datasets\work\kaggle\Dataset\Train\Real\real_25688.jpg
real/kaggle_deepfake_and_real_images_camera_photo_ab074349ee83.jpg,real,kaggle_deepfake_and_real_images,camera_photo,tools\eval-datasets\work\kaggle\Dataset\Train\Real\real_37118.jpg
real/kaggle_deepfake_and_real_images_camera_photo_ab2cbbdc79ac.jpg,real,kaggle_deepfake_and_real_images,camera_photo,tools\eval-datasets\work\kaggle\Dataset\Train\Real\real_17484.jpg
real/kaggle_deepfake_and_real_images_camera_photo_ab874306b932.jpg,real,kaggle_deepfake_and_real_images,camera_photo,tools\eval-datasets\work\kaggle\Dataset\Validation\Real\real_2684.jpg
real/kaggle_deepfake_and_real_images_camera_photo_abb6bd99a3e6.jpg,real,kaggle_deepfake_and_real_images,camera_photo,tools\eval-datasets\work\kaggle\Dataset\Train\Real\real_68388.jpg
real/kaggle_deepfake_and_real_images_camera_photo_ad8a6c1f6457.jpg,real,kaggle_deepfake_and_real_images,camera_photo,tools\eval-datasets\work\kaggle\Dataset\Validation\Real\real_11708.jpg
real/kaggle_deepfake_and_real_images_camera_photo_adaea5586262.jpg,real,kaggle_deepfake_and_real_images,camera_photo,tools\eval-datasets\work\kaggle\Dataset\Validation\Real\real_1462.jpg
real/kaggle_deepfake_and_real_images_camera_photo_aec9a385f3a3.jpg,real,kaggle_deepfake_and_real_images,camera_photo,tools\eval-datasets\work\kaggle\Dataset\Validation\Real\real_13139.jpg
real/kaggle_deepfake_and_real_images_camera_photo_b1358f2f133d.jpg,real,kaggle_deepfake_and_real_images,camera_photo,tools\eval-datasets\work\kaggle\Dataset\Train\Real\real_23305.jpg
real/kaggle_deepfake_and_real_images_camera_photo_b1d7fef4779f.jpg,real,kaggle_deepfake_and_real_images,camera_photo,tools\eval-datasets\work\kaggle\Dataset\Train\Real\real_12600.jpg
real/kaggle_deepfake_and_real_images_camera_photo_b21c34aa84d1.jpg,real,kaggle_deepfake_and_real_images,camera_photo,tools\eval-datasets\work\kaggle\Dataset\Train\Real\real_52302.jpg
real/kaggle_deepfake_and_real_images_camera_photo_b22201f0e452.jpg,real,kaggle_deepfake_and_real_images,camera_photo,tools\eval-datasets\work\kaggle\Dataset\Validation\Real\real_11727.jpg
real/kaggle_deepfake_and_real_images_camera_photo_b23bb738c225.jpg,real,kaggle_deepfake_and_real_images,camera_photo,tools\eval-datasets\work\kaggle\Dataset\Validation\Real\real_12014.jpg
real/kaggle_deepfake_and_real_images_camera_photo_b2cd492beefc.jpg,real,kaggle_deepfake_and_real_images,camera_photo,tools\eval-datasets\work\kaggle\Dataset\Train\Real\real_17207.jpg
real/kaggle_deepfake_and_real_images_camera_photo_b2dd98ed476a.jpg,real,kaggle_deepfake_and_real_images,camera_photo,tools\eval-datasets\work\kaggle\Dataset\Train\Real\real_69895.jpg
real/kaggle_deepfake_and_real_images_camera_photo_b2f929faf01d.jpg,real,kaggle_deepfake_and_real_images,camera_photo,tools\eval-datasets\work\kaggle\Dataset\Test\Real\real_4086.jpg
real/kaggle_deepfake_and_real_images_camera_photo_b30d8663e808.jpg,real,kaggle_deepfake_and_real_images,camera_photo,tools\eval-datasets\work\kaggle\Dataset\Test\Real\real_4252.jpg
real/kaggle_deepfake_and_real_images_camera_photo_b381a79fe9e9.jpg,real,kaggle_deepfake_and_real_images,camera_photo,tools\eval-datasets\work\kaggle\Dataset\Train\Real\real_8267.jpg
real/kaggle_deepfake_and_real_images_camera_photo_b393ac1d1cf7.jpg,real,kaggle_deepfake_and_real_images,camera_photo,tools\eval-datasets\work\kaggle\Dataset\Train\Real\real_59096.jpg
real/kaggle_deepfake_and_real_images_camera_photo_b3ff75ed81bd.jpg,real,kaggle_deepfake_and_real_images,camera_photo,tools\eval-datasets\work\kaggle\Dataset\Train\Real\real_66557.jpg
real/kaggle_deepfake_and_real_images_camera_photo_b43a1069dfc3.jpg,real,kaggle_deepfake_and_real_images,camera_photo,tools\eval-datasets\work\kaggle\Dataset\Validation\Real\real_5109.jpg
real/kaggle_deepfake_and_real_images_camera_photo_b5b8129106ea.jpg,real,kaggle_deepfake_and_real_images,camera_photo,tools\eval-datasets\work\kaggle\Dataset\Train\Real\real_20888.jpg
real/kaggle_deepfake_and_real_images_camera_photo_b725ec58149b.jpg,real,kaggle_deepfake_and_real_images,camera_photo,tools\eval-datasets\work\kaggle\Dataset\Validation\Real\real_19514.jpg
real/kaggle_deepfake_and_real_images_camera_photo_b7ab05895eb6.jpg,real,kaggle_deepfake_and_real_images,camera_photo,tools\eval-datasets\work\kaggle\Dataset\Train\Real\real_552.jpg
real/kaggle_deepfake_and_real_images_camera_photo_b7ea2f6aca01.jpg,real,kaggle_deepfake_and_real_images,camera_photo,tools\eval-datasets\work\kaggle\Dataset\Train\Real\real_47674.jpg
real/kaggle_deepfake_and_real_images_camera_photo_b7ed4e54bccc.jpg,real,kaggle_deepfake_and_real_images,camera_photo,tools\eval-datasets\work\kaggle\Dataset\Train\Real\real_60265.jpg
real/kaggle_deepfake_and_real_images_camera_photo_b8cea7cb3c76.jpg,real,kaggle_deepfake_and_real_images,camera_photo,tools\eval-datasets\work\kaggle\Dataset\Train\Real\real_18721.jpg
real/kaggle_deepfake_and_real_images_camera_photo_b971f54e6f78.jpg,real,kaggle_deepfake_and_real_images,camera_photo,tools\eval-datasets\work\kaggle\Dataset\Train\Real\real_48280.jpg
real/kaggle_deepfake_and_real_images_camera_photo_bc8c78181d24.jpg,real,kaggle_deepfake_and_real_images,camera_photo,tools\eval-datasets\work\kaggle\Dataset\Train\Real\real_48515.jpg
real/kaggle_deepfake_and_real_images_camera_photo_bdf98e664c66.jpg,real,kaggle_deepfake_and_real_images,camera_photo,tools\eval-datasets\work\kaggle\Dataset\Train\Real\real_22583.jpg
real/kaggle_deepfake_and_real_images_camera_photo_be6c1d4838eb.jpg,real,kaggle_deepfake_and_real_images,camera_photo,tools\eval-datasets\work\kaggle\Dataset\Train\Real\real_16516.jpg
real/kaggle_deepfake_and_real_images_camera_photo_bee796de5732.jpg,real,kaggle_deepfake_and_real_images,camera_photo,tools\eval-datasets\work\kaggle\Dataset\Train\Real\real_5987.jpg
real/kaggle_deepfake_and_real_images_camera_photo_bf99c5018bd5.jpg,real,kaggle_deepfake_and_real_images,camera_photo,tools\eval-datasets\work\kaggle\Dataset\Train\Real\real_58548.jpg
real/kaggle_deepfake_and_real_images_camera_photo_c012290420d1.jpg,real,kaggle_deepfake_and_real_images,camera_photo,tools\eval-datasets\work\kaggle\Dataset\Train\Real\real_24062.jpg
real/kaggle_deepfake_and_real_images_camera_photo_c1c8982d7052.jpg,real,kaggle_deepfake_and_real_images,camera_photo,tools\eval-datasets\work\kaggle\Dataset\Validation\Real\real_15524.jpg
real/kaggle_deepfake_and_real_images_camera_photo_c31bd3548098.jpg,real,kaggle_deepfake_and_real_images,camera_photo,tools\eval-datasets\work\kaggle\Dataset\Train\Real\real_25316.jpg
real/kaggle_deepfake_and_real_images_camera_photo_c47e3a0e0afc.jpg,real,kaggle_deepfake_and_real_images,camera_photo,tools\eval-datasets\work\kaggle\Dataset\Train\Real\real_38238.jpg
real/kaggle_deepfake_and_real_images_camera_photo_c4a9c8fee24e.jpg,real,kaggle_deepfake_and_real_images,camera_photo,tools\eval-datasets\work\kaggle\Dataset\Train\Real\real_61971.jpg
real/kaggle_deepfake_and_real_images_camera_photo_c660e5a9116d.jpg,real,kaggle_deepfake_and_real_images,camera_photo,tools\eval-datasets\work\kaggle\Dataset\Train\Real\real_56486.jpg
real/kaggle_deepfake_and_real_images_camera_photo_c8dc6800b189.jpg,real,kaggle_deepfake_and_real_images,camera_photo,tools\eval-datasets\work\kaggle\Dataset\Validation\Real\real_18505.jpg
real/kaggle_deepfake_and_real_images_camera_photo_c9e8d7ba5795.jpg,real,kaggle_deepfake_and_real_images,camera_photo,tools\eval-datasets\work\kaggle\Dataset\Train\Real\real_28378.jpg
real/kaggle_deepfake_and_real_images_camera_photo_cab7462fd37e.jpg,real,kaggle_deepfake_and_real_images,camera_photo,tools\eval-datasets\work\kaggle\Dataset\Train\Real\real_50775.jpg
real/kaggle_deepfake_and_real_images_camera_photo_cb2c34881ff2.jpg,real,kaggle_deepfake_and_real_images,camera_photo,tools\eval-datasets\work\kaggle\Dataset\Train\Real\real_24008.jpg
real/kaggle_deepfake_and_real_images_camera_photo_cb51efca93ba.jpg,real,kaggle_deepfake_and_real_images,camera_photo,tools\eval-datasets\work\kaggle\Dataset\Train\Real\real_19073.jpg
real/kaggle_deepfake_and_real_images_camera_photo_cc011b9300cb.jpg,real,kaggle_deepfake_and_real_images,camera_photo,tools\eval-datasets\work\kaggle\Dataset\Test\Real\real_3185.jpg
real/kaggle_deepfake_and_real_images_camera_photo_cc238c028f58.jpg,real,kaggle_deepfake_and_real_images,camera_photo,tools\eval-datasets\work\kaggle\Dataset\Train\Real\real_33644.jpg
real/kaggle_deepfake_and_real_images_camera_photo_cc95431379b7.jpg,real,kaggle_deepfake_and_real_images,camera_photo,tools\eval-datasets\work\kaggle\Dataset\Train\Real\real_26466.jpg
real/kaggle_deepfake_and_real_images_camera_photo_ce943a02466d.jpg,real,kaggle_deepfake_and_real_images,camera_photo,tools\eval-datasets\work\kaggle\Dataset\Train\Real\real_8439.jpg
real/kaggle_deepfake_and_real_images_camera_photo_cf48d623a1d4.jpg,real,kaggle_deepfake_and_real_images,camera_photo,tools\eval-datasets\work\kaggle\Dataset\Validation\Real\real_7911.jpg
real/kaggle_deepfake_and_real_images_camera_photo_cf8af137a5e0.jpg,real,kaggle_deepfake_and_real_images,camera_photo,tools\eval-datasets\work\kaggle\Dataset\Train\Real\real_19669.jpg
real/kaggle_deepfake_and_real_images_camera_photo_cfdb11852994.jpg,real,kaggle_deepfake_and_real_images,camera_photo,tools\eval-datasets\work\kaggle\Dataset\Train\Real\real_36703.jpg
real/kaggle_deepfake_and_real_images_camera_photo_d0f39e0f627d.jpg,real,kaggle_deepfake_and_real_images,camera_photo,tools\eval-datasets\work\kaggle\Dataset\Validation\Real\real_12011.jpg
real/kaggle_deepfake_and_real_images_camera_photo_d31acbeeab72.jpg,real,kaggle_deepfake_and_real_images,camera_photo,tools\eval-datasets\work\kaggle\Dataset\Train\Real\real_60726.jpg
real/kaggle_deepfake_and_real_images_camera_photo_d6382b4f4b24.jpg,real,kaggle_deepfake_and_real_images,camera_photo,tools\eval-datasets\work\kaggle\Dataset\Train\Real\real_40924.jpg
real/kaggle_deepfake_and_real_images_camera_photo_d6ac93e55c0e.jpg,real,kaggle_deepfake_and_real_images,camera_photo,tools\eval-datasets\work\kaggle\Dataset\Train\Real\real_45.jpg
real/kaggle_deepfake_and_real_images_camera_photo_d6ad5b0169ca.jpg,real,kaggle_deepfake_and_real_images,camera_photo,tools\eval-datasets\work\kaggle\Dataset\Train\Real\real_14976.jpg
real/kaggle_deepfake_and_real_images_camera_photo_d80028939f04.jpg,real,kaggle_deepfake_and_real_images,camera_photo,tools\eval-datasets\work\kaggle\Dataset\Train\Real\real_18595.jpg
real/kaggle_deepfake_and_real_images_camera_photo_d9c063e8c1a5.jpg,real,kaggle_deepfake_and_real_images,camera_photo,tools\eval-datasets\work\kaggle\Dataset\Train\Real\real_41195.jpg
real/kaggle_deepfake_and_real_images_camera_photo_daca75aeeac8.jpg,real,kaggle_deepfake_and_real_images,camera_photo,tools\eval-datasets\work\kaggle\Dataset\Validation\Real\real_10286.jpg
real/kaggle_deepfake_and_real_images_camera_photo_dcf3cc522777.jpg,real,kaggle_deepfake_and_real_images,camera_photo,tools\eval-datasets\work\kaggle\Dataset\Train\Real\real_27229.jpg
real/kaggle_deepfake_and_real_images_camera_photo_de1d8674e874.jpg,real,kaggle_deepfake_and_real_images,camera_photo,tools\eval-datasets\work\kaggle\Dataset\Train\Real\real_53418.jpg
real/kaggle_deepfake_and_real_images_camera_photo_e2e865336a8a.jpg,real,kaggle_deepfake_and_real_images,camera_photo,tools\eval-datasets\work\kaggle\Dataset\Train\Real\real_61472.jpg
real/kaggle_deepfake_and_real_images_camera_photo_e3389d3b1955.jpg,real,kaggle_deepfake_and_real_images,camera_photo,tools\eval-datasets\work\kaggle\Dataset\Validation\Real\real_1823.jpg
real/kaggle_deepfake_and_real_images_camera_photo_e583ea1a0118.jpg,real,kaggle_deepfake_and_real_images,camera_photo,tools\eval-datasets\work\kaggle\Dataset\Train\Real\real_18479.jpg
real/kaggle_deepfake_and_real_images_camera_photo_e5bc665aebf8.jpg,real,kaggle_deepfake_and_real_images,camera_photo,tools\eval-datasets\work\kaggle\Dataset\Train\Real\real_44581.jpg
real/kaggle_deepfake_and_real_images_camera_photo_e67b6599402e.jpg,real,kaggle_deepfake_and_real_images,camera_photo,tools\eval-datasets\work\kaggle\Dataset\Train\Real\real_43842.jpg
real/kaggle_deepfake_and_real_images_camera_photo_e7884caaee43.jpg,real,kaggle_deepfake_and_real_images,camera_photo,tools\eval-datasets\work\kaggle\Dataset\Train\Real\real_45015.jpg
real/kaggle_deepfake_and_real_images_camera_photo_eade46b1e8d0.jpg,real,kaggle_deepfake_and_real_images,camera_photo,tools\eval-datasets\work\kaggle\Dataset\Validation\Real\real_7804.jpg
real/kaggle_deepfake_and_real_images_camera_photo_eb5b86312194.jpg,real,kaggle_deepfake_and_real_images,camera_photo,tools\eval-datasets\work\kaggle\Dataset\Train\Real\real_56260.jpg
real/kaggle_deepfake_and_real_images_camera_photo_eb97adff3a0f.jpg,real,kaggle_deepfake_and_real_images,camera_photo,tools\eval-datasets\work\kaggle\Dataset\Train\Real\real_65238.jpg
real/kaggle_deepfake_and_real_images_camera_photo_ebf81bfc0d0b.jpg,real,kaggle_deepfake_and_real_images,camera_photo,tools\eval-datasets\work\kaggle\Dataset\Train\Real\real_17519.jpg
real/kaggle_deepfake_and_real_images_camera_photo_ec22d36cbb6e.jpg,real,kaggle_deepfake_and_real_images,camera_photo,tools\eval-datasets\work\kaggle\Dataset\Validation\Real\real_9542.jpg
real/kaggle_deepfake_and_real_images_camera_photo_ecb21d1c1125.jpg,real,kaggle_deepfake_and_real_images,camera_photo,tools\eval-datasets\work\kaggle\Dataset\Train\Real\real_39888.jpg
real/kaggle_deepfake_and_real_images_camera_photo_f08882e5d98f.jpg,real,kaggle_deepfake_and_real_images,camera_photo,tools\eval-datasets\work\kaggle\Dataset\Train\Real\real_69311.jpg
real/kaggle_deepfake_and_real_images_camera_photo_f2e0c0ed6ccb.jpg,real,kaggle_deepfake_and_real_images,camera_photo,tools\eval-datasets\work\kaggle\Dataset\Train\Real\real_6003.jpg
real/kaggle_deepfake_and_real_images_camera_photo_f347c0ae4077.jpg,real,kaggle_deepfake_and_real_images,camera_photo,tools\eval-datasets\work\kaggle\Dataset\Train\Real\real_48262.jpg
real/kaggle_deepfake_and_real_images_camera_photo_f375a7efeb7e.jpg,real,kaggle_deepfake_and_real_images,camera_photo,tools\eval-datasets\work\kaggle\Dataset\Train\Real\real_63150.jpg
real/kaggle_deepfake_and_real_images_camera_photo_f390c255b1a3.jpg,real,kaggle_deepfake_and_real_images,camera_photo,tools\eval-datasets\work\kaggle\Dataset\Train\Real\real_22547.jpg
real/kaggle_deepfake_and_real_images_camera_photo_f3c6dfe7d3c1.jpg,real,kaggle_deepfake_and_real_images,camera_photo,tools\eval-datasets\work\kaggle\Dataset\Train\Real\real_20707.jpg
real/kaggle_deepfake_and_real_images_camera_photo_f4ef0956f217.jpg,real,kaggle_deepfake_and_real_images,camera_photo,tools\eval-datasets\work\kaggle\Dataset\Train\Real\real_33701.jpg
real/kaggle_deepfake_and_real_images_camera_photo_f8bf7fa3ec20.jpg,real,kaggle_deepfake_and_real_images,camera_photo,tools\eval-datasets\work\kaggle\Dataset\Train\Real\real_7709.jpg
real/kaggle_deepfake_and_real_images_camera_photo_fa65027d20e7.jpg,real,kaggle_deepfake_and_real_images,camera_photo,tools\eval-datasets\work\kaggle\Dataset\Train\Real\real_32881.jpg
real/kaggle_deepfake_and_real_images_camera_photo_fb81bc2c83e0.jpg,real,kaggle_deepfake_and_real_images,camera_photo,tools\eval-datasets\work\kaggle\Dataset\Train\Real\real_43228.jpg
real/kaggle_deepfake_and_real_images_camera_photo_fbeb81cb70ad.jpg,real,kaggle_deepfake_and_real_images,camera_photo,tools\eval-datasets\work\kaggle\Dataset\Train\Real\real_53493.jpg
real/kaggle_deepfake_and_real_images_camera_photo_fc6417c27644.jpg,real,kaggle_deepfake_and_real_images,camera_photo,tools\eval-datasets\work\kaggle\Dataset\Train\Real\real_3207.jpg
real/kaggle_deepfake_and_real_images_camera_photo_fd410c8dec30.jpg,real,kaggle_deepfake_and_real_images,camera_photo,tools\eval-datasets\work\kaggle\Dataset\Validation\Real\real_17996.jpg
real/kaggle_deepfake_and_real_images_camera_photo_fe6385673b00.jpg,real,kaggle_deepfake_and_real_images,camera_photo,tools\eval-datasets\work\kaggle\Dataset\Train\Real\real_53384.jpg
real/kaggle_deepfake_and_real_images_camera_photo_ff3848303ec4.jpg,real,kaggle_deepfake_and_real_images,camera_photo,tools\eval-datasets\work\kaggle\Dataset\Validation\Real\real_2825.jpg
synthetic/kaggle_deepfake_and_real_images_gan_or_diffusion_001592ea7ba2.jpg,synthetic,kaggle_deepfake_and_real_images,gan_or_diffusion,tools\eval-datasets\work\kaggle\Dataset\Train\Fake\fake_10871.jpg
synthetic/kaggle_deepfake_and_real_images_gan_or_diffusion_0111dd1b7e5f.jpg,synthetic,kaggle_deepfake_and_real_images,gan_or_diffusion,tools\eval-datasets\work\kaggle\Dataset\Train\Fake\fake_40551.jpg
synthetic/kaggle_deepfake_and_real_images_gan_or_diffusion_013bb37f6406.jpg,synthetic,kaggle_deepfake_and_real_images,gan_or_diffusion,tools\eval-datasets\work\kaggle\Dataset\Train\Fake\fake_29744.jpg
synthetic/kaggle_deepfake_and_real_images_gan_or_diffusion_04e979df2f10.jpg,synthetic,kaggle_deepfake_and_real_images,gan_or_diffusion,tools\eval-datasets\work\kaggle\Dataset\Train\Fake\fake_62904.jpg
synthetic/kaggle_deepfake_and_real_images_gan_or_diffusion_0520957b92fa.jpg,synthetic,kaggle_deepfake_and_real_images,gan_or_diffusion,tools\eval-datasets\work\kaggle\Dataset\Train\Fake\fake_35372.jpg
synthetic/kaggle_deepfake_and_real_images_gan_or_diffusion_06b265607e57.jpg,synthetic,kaggle_deepfake_and_real_images,gan_or_diffusion,tools\eval-datasets\work\kaggle\Dataset\Train\Fake\fake_20051.jpg
synthetic/kaggle_deepfake_and_real_images_gan_or_diffusion_06e0a9c125eb.jpg,synthetic,kaggle_deepfake_and_real_images,gan_or_diffusion,tools\eval-datasets\work\kaggle\Dataset\Train\Fake\fake_40610.jpg
synthetic/kaggle_deepfake_and_real_images_gan_or_diffusion_07b33bdcee0e.jpg,synthetic,kaggle_deepfake_and_real_images,gan_or_diffusion,tools\eval-datasets\work\kaggle\Dataset\Train\Fake\fake_19105.jpg
synthetic/kaggle_deepfake_and_real_images_gan_or_diffusion_096e3cb71a1d.jpg,synthetic,kaggle_deepfake_and_real_images,gan_or_diffusion,tools\eval-datasets\work\kaggle\Dataset\Validation\Fake\fake_4449.jpg
synthetic/kaggle_deepfake_and_real_images_gan_or_diffusion_0a0700594735.jpg,synthetic,kaggle_deepfake_and_real_images,gan_or_diffusion,tools\eval-datasets\work\kaggle\Dataset\Validation\Fake\fake_15082.jpg
synthetic/kaggle_deepfake_and_real_images_gan_or_diffusion_0bba35cbc563.jpg,synthetic,kaggle_deepfake_and_real_images,gan_or_diffusion,tools\eval-datasets\work\kaggle\Dataset\Train\Fake\fake_50464.jpg
synthetic/kaggle_deepfake_and_real_images_gan_or_diffusion_0c5c9b292df1.jpg,synthetic,kaggle_deepfake_and_real_images,gan_or_diffusion,tools\eval-datasets\work\kaggle\Dataset\Train\Fake\fake_1259.jpg
synthetic/kaggle_deepfake_and_real_images_gan_or_diffusion_0cc6fef28137.jpg,synthetic,kaggle_deepfake_and_real_images,gan_or_diffusion,tools\eval-datasets\work\kaggle\Dataset\Train\Fake\fake_42298.jpg
synthetic/kaggle_deepfake_and_real_images_gan_or_diffusion_0d2cb1043bc7.jpg,synthetic,kaggle_deepfake_and_real_images,gan_or_diffusion,tools\eval-datasets\work\kaggle\Dataset\Validation\Fake\fake_7658.jpg
synthetic/kaggle_deepfake_and_real_images_gan_or_diffusion_0d47b49d8cbd.jpg,synthetic,kaggle_deepfake_and_real_images,gan_or_diffusion,tools\eval-datasets\work\kaggle\Dataset\Train\Fake\fake_42688.jpg
synthetic/kaggle_deepfake_and_real_images_gan_or_diffusion_0d5ec1408bac.jpg,synthetic,kaggle_deepfake_and_real_images,gan_or_diffusion,tools\eval-datasets\work\kaggle\Dataset\Train\Fake\fake_66073.jpg
synthetic/kaggle_deepfake_and_real_images_gan_or_diffusion_0dc75ae4bf9f.jpg,synthetic,kaggle_deepfake_and_real_images,gan_or_diffusion,tools\eval-datasets\work\kaggle\Dataset\Train\Fake\fake_58228.jpg
synthetic/kaggle_deepfake_and_real_images_gan_or_diffusion_0f42c5ac4e37.jpg,synthetic,kaggle_deepfake_and_real_images,gan_or_diffusion,tools\eval-datasets\work\kaggle\Dataset\Train\Fake\fake_7960.jpg
synthetic/kaggle_deepfake_and_real_images_gan_or_diffusion_0f8a96baaf89.jpg,synthetic,kaggle_deepfake_and_real_images,gan_or_diffusion,tools\eval-datasets\work\kaggle\Dataset\Train\Fake\fake_23140.jpg
synthetic/kaggle_deepfake_and_real_images_gan_or_diffusion_121bac690a2c.jpg,synthetic,kaggle_deepfake_and_real_images,gan_or_diffusion,tools\eval-datasets\work\kaggle\Dataset\Train\Fake\fake_43466.jpg
synthetic/kaggle_deepfake_and_real_images_gan_or_diffusion_16ca4ccc738d.jpg,synthetic,kaggle_deepfake_and_real_images,gan_or_diffusion,tools\eval-datasets\work\kaggle\Dataset\Validation\Fake\fake_13378.jpg
synthetic/kaggle_deepfake_and_real_images_gan_or_diffusion_16d485b85932.jpg,synthetic,kaggle_deepfake_and_real_images,gan_or_diffusion,tools\eval-datasets\work\kaggle\Dataset\Validation\Fake\fake_8365.jpg
synthetic/kaggle_deepfake_and_real_images_gan_or_diffusion_1802aada6037.jpg,synthetic,kaggle_deepfake_and_real_images,gan_or_diffusion,tools\eval-datasets\work\kaggle\Dataset\Validation\Fake\fake_2298.jpg
synthetic/kaggle_deepfake_and_real_images_gan_or_diffusion_18cfe8c59e6c.jpg,synthetic,kaggle_deepfake_and_real_images,gan_or_diffusion,tools\eval-datasets\work\kaggle\Dataset\Validation\Fake\fake_4121.jpg
synthetic/kaggle_deepfake_and_real_images_gan_or_diffusion_198873896a25.jpg,synthetic,kaggle_deepfake_and_real_images,gan_or_diffusion,tools\eval-datasets\work\kaggle\Dataset\Validation\Fake\fake_15198.jpg
synthetic/kaggle_deepfake_and_real_images_gan_or_diffusion_1a8ff682b8a2.jpg,synthetic,kaggle_deepfake_and_real_images,gan_or_diffusion,tools\eval-datasets\work\kaggle\Dataset\Train\Fake\fake_20050.jpg
synthetic/kaggle_deepfake_and_real_images_gan_or_diffusion_1cb66feb8257.jpg,synthetic,kaggle_deepfake_and_real_images,gan_or_diffusion,tools\eval-datasets\work\kaggle\Dataset\Train\Fake\fake_11780.jpg
synthetic/kaggle_deepfake_and_real_images_gan_or_diffusion_1d54b3d8f93c.jpg,synthetic,kaggle_deepfake_and_real_images,gan_or_diffusion,tools\eval-datasets\work\kaggle\Dataset\Train\Fake\fake_60265.jpg
synthetic/kaggle_deepfake_and_real_images_gan_or_diffusion_1ee2d4ba9eb0.jpg,synthetic,kaggle_deepfake_and_real_images,gan_or_diffusion,tools\eval-datasets\work\kaggle\Dataset\Test\Fake\fake_2850.jpg
synthetic/kaggle_deepfake_and_real_images_gan_or_diffusion_1fcfc77b133c.jpg,synthetic,kaggle_deepfake_and_real_images,gan_or_diffusion,tools\eval-datasets\work\kaggle\Dataset\Train\Fake\fake_47668.jpg
synthetic/kaggle_deepfake_and_real_images_gan_or_diffusion_2026c8470d38.jpg,synthetic,kaggle_deepfake_and_real_images,gan_or_diffusion,tools\eval-datasets\work\kaggle\Dataset\Train\Fake\fake_58087.jpg
synthetic/kaggle_deepfake_and_real_images_gan_or_diffusion_20ebbf9bac5e.jpg,synthetic,kaggle_deepfake_and_real_images,gan_or_diffusion,tools\eval-datasets\work\kaggle\Dataset\Train\Fake\fake_54285.jpg
synthetic/kaggle_deepfake_and_real_images_gan_or_diffusion_2134ffe9ff14.jpg,synthetic,kaggle_deepfake_and_real_images,gan_or_diffusion,tools\eval-datasets\work\kaggle\Dataset\Validation\Fake\fake_8411.jpg
synthetic/kaggle_deepfake_and_real_images_gan_or_diffusion_2144f5e8a832.jpg,synthetic,kaggle_deepfake_and_real_images,gan_or_diffusion,tools\eval-datasets\work\kaggle\Dataset\Train\Fake\fake_69215.jpg
synthetic/kaggle_deepfake_and_real_images_gan_or_diffusion_218562b5afef.jpg,synthetic,kaggle_deepfake_and_real_images,gan_or_diffusion,tools\eval-datasets\work\kaggle\Dataset\Validation\Fake\fake_1649.jpg
synthetic/kaggle_deepfake_and_real_images_gan_or_diffusion_230cc22d2e36.jpg,synthetic,kaggle_deepfake_and_real_images,gan_or_diffusion,tools\eval-datasets\work\kaggle\Dataset\Train\Fake\fake_5075.jpg
synthetic/kaggle_deepfake_and_real_images_gan_or_diffusion_23128bac479a.jpg,synthetic,kaggle_deepfake_and_real_images,gan_or_diffusion,tools\eval-datasets\work\kaggle\Dataset\Validation\Fake\fake_17849.jpg
synthetic/kaggle_deepfake_and_real_images_gan_or_diffusion_2348dafbeabe.jpg,synthetic,kaggle_deepfake_and_real_images,gan_or_diffusion,tools\eval-datasets\work\kaggle\Dataset\Validation\Fake\fake_19630.jpg
synthetic/kaggle_deepfake_and_real_images_gan_or_diffusion_2390956f44e7.jpg,synthetic,kaggle_deepfake_and_real_images,gan_or_diffusion,tools\eval-datasets\work\kaggle\Dataset\Train\Fake\fake_46891.jpg
synthetic/kaggle_deepfake_and_real_images_gan_or_diffusion_266a1d3352c8.jpg,synthetic,kaggle_deepfake_and_real_images,gan_or_diffusion,tools\eval-datasets\work\kaggle\Dataset\Validation\Fake\fake_14822.jpg
synthetic/kaggle_deepfake_and_real_images_gan_or_diffusion_26bedd48be18.jpg,synthetic,kaggle_deepfake_and_real_images,gan_or_diffusion,tools\eval-datasets\work\kaggle\Dataset\Train\Fake\fake_64433.jpg
synthetic/kaggle_deepfake_and_real_images_gan_or_diffusion_26d523a347d0.jpg,synthetic,kaggle_deepfake_and_real_images,gan_or_diffusion,tools\eval-datasets\work\kaggle\Dataset\Train\Fake\fake_36618.jpg
synthetic/kaggle_deepfake_and_real_images_gan_or_diffusion_282787b39f19.jpg,synthetic,kaggle_deepfake_and_real_images,gan_or_diffusion,tools\eval-datasets\work\kaggle\Dataset\Validation\Fake\fake_10111.jpg
synthetic/kaggle_deepfake_and_real_images_gan_or_diffusion_2835ac07c370.jpg,synthetic,kaggle_deepfake_and_real_images,gan_or_diffusion,tools\eval-datasets\work\kaggle\Dataset\Train\Fake\fake_15903.jpg
synthetic/kaggle_deepfake_and_real_images_gan_or_diffusion_28676a57e190.jpg,synthetic,kaggle_deepfake_and_real_images,gan_or_diffusion,tools\eval-datasets\work\kaggle\Dataset\Test\Fake\fake_3200.jpg
synthetic/kaggle_deepfake_and_real_images_gan_or_diffusion_2931cf3c14bb.jpg,synthetic,kaggle_deepfake_and_real_images,gan_or_diffusion,tools\eval-datasets\work\kaggle\Dataset\Train\Fake\fake_2775.jpg
synthetic/kaggle_deepfake_and_real_images_gan_or_diffusion_2d8cb3125ce7.jpg,synthetic,kaggle_deepfake_and_real_images,gan_or_diffusion,tools\eval-datasets\work\kaggle\Dataset\Train\Fake\fake_40628.jpg
synthetic/kaggle_deepfake_and_real_images_gan_or_diffusion_2d9e25a68483.jpg,synthetic,kaggle_deepfake_and_real_images,gan_or_diffusion,tools\eval-datasets\work\kaggle\Dataset\Train\Fake\fake_15062.jpg
synthetic/kaggle_deepfake_and_real_images_gan_or_diffusion_2da0fbf0454a.jpg,synthetic,kaggle_deepfake_and_real_images,gan_or_diffusion,tools\eval-datasets\work\kaggle\Dataset\Train\Fake\fake_37371.jpg
synthetic/kaggle_deepfake_and_real_images_gan_or_diffusion_2ea9b21174e3.jpg,synthetic,kaggle_deepfake_and_real_images,gan_or_diffusion,tools\eval-datasets\work\kaggle\Dataset\Train\Fake\fake_43522.jpg
synthetic/kaggle_deepfake_and_real_images_gan_or_diffusion_2f802ddc93bc.jpg,synthetic,kaggle_deepfake_and_real_images,gan_or_diffusion,tools\eval-datasets\work\kaggle\Dataset\Train\Fake\fake_35276.jpg
synthetic/kaggle_deepfake_and_real_images_gan_or_diffusion_2fb105c02ef2.jpg,synthetic,kaggle_deepfake_and_real_images,gan_or_diffusion,tools\eval-datasets\work\kaggle\Dataset\Test\Fake\fake_4525.jpg
synthetic/kaggle_deepfake_and_real_images_gan_or_diffusion_31fd6dd37cc9.jpg,synthetic,kaggle_deepfake_and_real_images,gan_or_diffusion,tools\eval-datasets\work\kaggle\Dataset\Train\Fake\fake_63029.jpg
synthetic/kaggle_deepfake_and_real_images_gan_or_diffusion_33517cec7256.jpg,synthetic,kaggle_deepfake_and_real_images,gan_or_diffusion,tools\eval-datasets\work\kaggle\Dataset\Train\Fake\fake_33852.jpg
synthetic/kaggle_deepfake_and_real_images_gan_or_diffusion_3571ff52d3a0.jpg,synthetic,kaggle_deepfake_and_real_images,gan_or_diffusion,tools\eval-datasets\work\kaggle\Dataset\Train\Fake\fake_49475.jpg
synthetic/kaggle_deepfake_and_real_images_gan_or_diffusion_35e9e1c0cb04.jpg,synthetic,kaggle_deepfake_and_real_images,gan_or_diffusion,tools\eval-datasets\work\kaggle\Dataset\Train\Fake\fake_39848.jpg
synthetic/kaggle_deepfake_and_real_images_gan_or_diffusion_362d7271b963.jpg,synthetic,kaggle_deepfake_and_real_images,gan_or_diffusion,tools\eval-datasets\work\kaggle\Dataset\Train\Fake\fake_42025.jpg
synthetic/kaggle_deepfake_and_real_images_gan_or_diffusion_36509cb35afa.jpg,synthetic,kaggle_deepfake_and_real_images,gan_or_diffusion,tools\eval-datasets\work\kaggle\Dataset\Train\Fake\fake_39630.jpg
synthetic/kaggle_deepfake_and_real_images_gan_or_diffusion_379f69e89085.jpg,synthetic,kaggle_deepfake_and_real_images,gan_or_diffusion,tools\eval-datasets\work\kaggle\Dataset\Train\Fake\fake_19438.jpg
synthetic/kaggle_deepfake_and_real_images_gan_or_diffusion_39e45ce67778.jpg,synthetic,kaggle_deepfake_and_real_images,gan_or_diffusion,tools\eval-datasets\work\kaggle\Dataset\Train\Fake\fake_10542.jpg
synthetic/kaggle_deepfake_and_real_images_gan_or_diffusion_3a5bd961cc7c.jpg,synthetic,kaggle_deepfake_and_real_images,gan_or_diffusion,tools\eval-datasets\work\kaggle\Dataset\Validation\Fake\fake_3818.jpg
synthetic/kaggle_deepfake_and_real_images_gan_or_diffusion_3a67854e8550.jpg,synthetic,kaggle_deepfake_and_real_images,gan_or_diffusion,tools\eval-datasets\work\kaggle\Dataset\Validation\Fake\fake_6618.jpg
synthetic/kaggle_deepfake_and_real_images_gan_or_diffusion_3aeaf14270a6.jpg,synthetic,kaggle_deepfake_and_real_images,gan_or_diffusion,tools\eval-datasets\work\kaggle\Dataset\Train\Fake\fake_63530.jpg
synthetic/kaggle_deepfake_and_real_images_gan_or_diffusion_3cdb5b47a436.jpg,synthetic,kaggle_deepfake_and_real_images,gan_or_diffusion,tools\eval-datasets\work\kaggle\Dataset\Train\Fake\fake_41044.jpg
synthetic/kaggle_deepfake_and_real_images_gan_or_diffusion_3ce25a75f909.jpg,synthetic,kaggle_deepfake_and_real_images,gan_or_diffusion,tools\eval-datasets\work\kaggle\Dataset\Train\Fake\fake_15296.jpg
synthetic/kaggle_deepfake_and_real_images_gan_or_diffusion_3d529d56f191.jpg,synthetic,kaggle_deepfake_and_real_images,gan_or_diffusion,tools\eval-datasets\work\kaggle\Dataset\Train\Fake\fake_19480.jpg
synthetic/kaggle_deepfake_and_real_images_gan_or_diffusion_3ddb99456631.jpg,synthetic,kaggle_deepfake_and_real_images,gan_or_diffusion,tools\eval-datasets\work\kaggle\Dataset\Train\Fake\fake_40867.jpg
synthetic/kaggle_deepfake_and_real_images_gan_or_diffusion_3f259f355656.jpg,synthetic,kaggle_deepfake_and_real_images,gan_or_diffusion,tools\eval-datasets\work\kaggle\Dataset\Validation\Fake\fake_11165.jpg
synthetic/kaggle_deepfake_and_real_images_gan_or_diffusion_40d2a8efbd8f.jpg,synthetic,kaggle_deepfake_and_real_images,gan_or_diffusion,tools\eval-datasets\work\kaggle\Dataset\Test\Fake\fake_3324.jpg
synthetic/kaggle_deepfake_and_real_images_gan_or_diffusion_40f00b0d28ae.jpg,synthetic,kaggle_deepfake_and_real_images,gan_or_diffusion,tools\eval-datasets\work\kaggle\Dataset\Train\Fake\fake_36078.jpg
synthetic/kaggle_deepfake_and_real_images_gan_or_diffusion_4272b2fd3649.jpg,synthetic,kaggle_deepfake_and_real_images,gan_or_diffusion,tools\eval-datasets\work\kaggle\Dataset\Train\Fake\fake_2051.jpg
synthetic/kaggle_deepfake_and_real_images_gan_or_diffusion_4444aeb88c2e.jpg,synthetic,kaggle_deepfake_and_real_images,gan_or_diffusion,tools\eval-datasets\work\kaggle\Dataset\Validation\Fake\fake_5047.jpg
synthetic/kaggle_deepfake_and_real_images_gan_or_diffusion_48a88b2a0ab1.jpg,synthetic,kaggle_deepfake_and_real_images,gan_or_diffusion,tools\eval-datasets\work\kaggle\Dataset\Train\Fake\fake_33682.jpg
synthetic/kaggle_deepfake_and_real_images_gan_or_diffusion_492e35f5998b.jpg,synthetic,kaggle_deepfake_and_real_images,gan_or_diffusion,tools\eval-datasets\work\kaggle\Dataset\Train\Fake\fake_14439.jpg
synthetic/kaggle_deepfake_and_real_images_gan_or_diffusion_4bef08d0091a.jpg,synthetic,kaggle_deepfake_and_real_images,gan_or_diffusion,tools\eval-datasets\work\kaggle\Dataset\Train\Fake\fake_39428.jpg
synthetic/kaggle_deepfake_and_real_images_gan_or_diffusion_4c38e4297f15.jpg,synthetic,kaggle_deepfake_and_real_images,gan_or_diffusion,tools\eval-datasets\work\kaggle\Dataset\Validation\Fake\fake_12515.jpg
synthetic/kaggle_deepfake_and_real_images_gan_or_diffusion_4d4f131c5898.jpg,synthetic,kaggle_deepfake_and_real_images,gan_or_diffusion,tools\eval-datasets\work\kaggle\Dataset\Train\Fake\fake_58680.jpg
synthetic/kaggle_deepfake_and_real_images_gan_or_diffusion_4f7ed336c92b.jpg,synthetic,kaggle_deepfake_and_real_images,gan_or_diffusion,tools\eval-datasets\work\kaggle\Dataset\Train\Fake\fake_18537.jpg
synthetic/kaggle_deepfake_and_real_images_gan_or_diffusion_4ff2ed53ef6f.jpg,synthetic,kaggle_deepfake_and_real_images,gan_or_diffusion,tools\eval-datasets\work\kaggle\Dataset\Train\Fake\fake_63126.jpg
synthetic/kaggle_deepfake_and_real_images_gan_or_diffusion_50ddc2913772.jpg,synthetic,kaggle_deepfake_and_real_images,gan_or_diffusion,tools\eval-datasets\work\kaggle\Dataset\Train\Fake\fake_25421.jpg
synthetic/kaggle_deepfake_and_real_images_gan_or_diffusion_5288f8805655.jpg,synthetic,kaggle_deepfake_and_real_images,gan_or_diffusion,tools\eval-datasets\work\kaggle\Dataset\Validation\Fake\fake_12821.jpg
synthetic/kaggle_deepfake_and_real_images_gan_or_diffusion_52cb36f43b68.jpg,synthetic,kaggle_deepfake_and_real_images,gan_or_diffusion,tools\eval-datasets\work\kaggle\Dataset\Train\Fake\fake_41986.jpg
synthetic/kaggle_deepfake_and_real_images_gan_or_diffusion_53098d232078.jpg,synthetic,kaggle_deepfake_and_real_images,gan_or_diffusion,tools\eval-datasets\work\kaggle\Dataset\Train\Fake\fake_7140.jpg
synthetic/kaggle_deepfake_and_real_images_gan_or_diffusion_533d99908251.jpg,synthetic,kaggle_deepfake_and_real_images,gan_or_diffusion,tools\eval-datasets\work\kaggle\Dataset\Train\Fake\fake_23294.jpg
synthetic/kaggle_deepfake_and_real_images_gan_or_diffusion_54a8e9b775bc.jpg,synthetic,kaggle_deepfake_and_real_images,gan_or_diffusion,tools\eval-datasets\work\kaggle\Dataset\Test\Fake\fake_88.jpg
synthetic/kaggle_deepfake_and_real_images_gan_or_diffusion_54cf9e94780b.jpg,synthetic,kaggle_deepfake_and_real_images,gan_or_diffusion,tools\eval-datasets\work\kaggle\Dataset\Train\Fake\fake_64609.jpg
synthetic/kaggle_deepfake_and_real_images_gan_or_diffusion_55c2a38b4994.jpg,synthetic,kaggle_deepfake_and_real_images,gan_or_diffusion,tools\eval-datasets\work\kaggle\Dataset\Validation\Fake\fake_334.jpg
synthetic/kaggle_deepfake_and_real_images_gan_or_diffusion_55c74ebf9819.jpg,synthetic,kaggle_deepfake_and_real_images,gan_or_diffusion,tools\eval-datasets\work\kaggle\Dataset\Train\Fake\fake_44101.jpg
synthetic/kaggle_deepfake_and_real_images_gan_or_diffusion_55eff6c397da.jpg,synthetic,kaggle_deepfake_and_real_images,gan_or_diffusion,tools\eval-datasets\work\kaggle\Dataset\Train\Fake\fake_16792.jpg
synthetic/kaggle_deepfake_and_real_images_gan_or_diffusion_581f8cb7dde0.jpg,synthetic,kaggle_deepfake_and_real_images,gan_or_diffusion,tools\eval-datasets\work\kaggle\Dataset\Train\Fake\fake_28046.jpg
synthetic/kaggle_deepfake_and_real_images_gan_or_diffusion_59199b84471e.jpg,synthetic,kaggle_deepfake_and_real_images,gan_or_diffusion,tools\eval-datasets\work\kaggle\Dataset\Train\Fake\fake_1050.jpg
synthetic/kaggle_deepfake_and_real_images_gan_or_diffusion_5931b7cf3c3f.jpg,synthetic,kaggle_deepfake_and_real_images,gan_or_diffusion,tools\eval-datasets\work\kaggle\Dataset\Train\Fake\fake_41052.jpg
synthetic/kaggle_deepfake_and_real_images_gan_or_diffusion_5a34f2988ac4.jpg,synthetic,kaggle_deepfake_and_real_images,gan_or_diffusion,tools\eval-datasets\work\kaggle\Dataset\Train\Fake\fake_54368.jpg
synthetic/kaggle_deepfake_and_real_images_gan_or_diffusion_5b08a1b74b95.jpg,synthetic,kaggle_deepfake_and_real_images,gan_or_diffusion,tools\eval-datasets\work\kaggle\Dataset\Train\Fake\fake_63139.jpg
synthetic/kaggle_deepfake_and_real_images_gan_or_diffusion_5c6765c0ead2.jpg,synthetic,kaggle_deepfake_and_real_images,gan_or_diffusion,tools\eval-datasets\work\kaggle\Dataset\Train\Fake\fake_27993.jpg
synthetic/kaggle_deepfake_and_real_images_gan_or_diffusion_5c8792ccc2ba.jpg,synthetic,kaggle_deepfake_and_real_images,gan_or_diffusion,tools\eval-datasets\work\kaggle\Dataset\Train\Fake\fake_56301.jpg
synthetic/kaggle_deepfake_and_real_images_gan_or_diffusion_5cff5b1116fb.jpg,synthetic,kaggle_deepfake_and_real_images,gan_or_diffusion,tools\eval-datasets\work\kaggle\Dataset\Validation\Fake\fake_2583.jpg
synthetic/kaggle_deepfake_and_real_images_gan_or_diffusion_5ddd6527e568.jpg,synthetic,kaggle_deepfake_and_real_images,gan_or_diffusion,tools\eval-datasets\work\kaggle\Dataset\Validation\Fake\fake_7925.jpg
synthetic/kaggle_deepfake_and_real_images_gan_or_diffusion_5ea491627830.jpg,synthetic,kaggle_deepfake_and_real_images,gan_or_diffusion,tools\eval-datasets\work\kaggle\Dataset\Train\Fake\fake_38457.jpg
synthetic/kaggle_deepfake_and_real_images_gan_or_diffusion_5ed248cfae1a.jpg,synthetic,kaggle_deepfake_and_real_images,gan_or_diffusion,tools\eval-datasets\work\kaggle\Dataset\Validation\Fake\fake_10406.jpg
synthetic/kaggle_deepfake_and_real_images_gan_or_diffusion_5fe676932324.jpg,synthetic,kaggle_deepfake_and_real_images,gan_or_diffusion,tools\eval-datasets\work\kaggle\Dataset\Train\Fake\fake_38390.jpg
synthetic/kaggle_deepfake_and_real_images_gan_or_diffusion_623e4a65c85b.jpg,synthetic,kaggle_deepfake_and_real_images,gan_or_diffusion,tools\eval-datasets\work\kaggle\Dataset\Train\Fake\fake_25093.jpg
synthetic/kaggle_deepfake_and_real_images_gan_or_diffusion_627c338979dc.jpg,synthetic,kaggle_deepfake_and_real_images,gan_or_diffusion,tools\eval-datasets\work\kaggle\Dataset\Train\Fake\fake_23841.jpg
synthetic/kaggle_deepfake_and_real_images_gan_or_diffusion_628e6dd7b104.jpg,synthetic,kaggle_deepfake_and_real_images,gan_or_diffusion,tools\eval-datasets\work\kaggle\Dataset\Test\Fake\fake_15.jpg
synthetic/kaggle_deepfake_and_real_images_gan_or_diffusion_64af896a8461.jpg,synthetic,kaggle_deepfake_and_real_images,gan_or_diffusion,tools\eval-datasets\work\kaggle\Dataset\Train\Fake\fake_19583.jpg
synthetic/kaggle_deepfake_and_real_images_gan_or_diffusion_662172165f62.jpg,synthetic,kaggle_deepfake_and_real_images,gan_or_diffusion,tools\eval-datasets\work\kaggle\Dataset\Train\Fake\fake_37560.jpg
synthetic/kaggle_deepfake_and_real_images_gan_or_diffusion_66419701c59e.jpg,synthetic,kaggle_deepfake_and_real_images,gan_or_diffusion,tools\eval-datasets\work\kaggle\Dataset\Validation\Fake\fake_11084.jpg
synthetic/kaggle_deepfake_and_real_images_gan_or_diffusion_67ee88966941.jpg,synthetic,kaggle_deepfake_and_real_images,gan_or_diffusion,tools\eval-datasets\work\kaggle\Dataset\Validation\Fake\fake_15752.jpg
synthetic/kaggle_deepfake_and_real_images_gan_or_diffusion_68ec0639059a.jpg,synthetic,kaggle_deepfake_and_real_images,gan_or_diffusion,tools\eval-datasets\work\kaggle\Dataset\Train\Fake\fake_3633.jpg
synthetic/kaggle_deepfake_and_real_images_gan_or_diffusion_6c0d7011259a.jpg,synthetic,kaggle_deepfake_and_real_images,gan_or_diffusion,tools\eval-datasets\work\kaggle\Dataset\Train\Fake\fake_3824.jpg
synthetic/kaggle_deepfake_and_real_images_gan_or_diffusion_6c3154a058af.jpg,synthetic,kaggle_deepfake_and_real_images,gan_or_diffusion,tools\eval-datasets\work\kaggle\Dataset\Train\Fake\fake_6652.jpg
synthetic/kaggle_deepfake_and_real_images_gan_or_diffusion_6c665fa4cd24.jpg,synthetic,kaggle_deepfake_and_real_images,gan_or_diffusion,tools\eval-datasets\work\kaggle\Dataset\Train\Fake\fake_45486.jpg
synthetic/kaggle_deepfake_and_real_images_gan_or_diffusion_6cd4ba668759.jpg,synthetic,kaggle_deepfake_and_real_images,gan_or_diffusion,tools\eval-datasets\work\kaggle\Dataset\Train\Fake\fake_23427.jpg
synthetic/kaggle_deepfake_and_real_images_gan_or_diffusion_6d1eb60dab5b.jpg,synthetic,kaggle_deepfake_and_real_images,gan_or_diffusion,tools\eval-datasets\work\kaggle\Dataset\Validation\Fake\fake_1083.jpg
synthetic/kaggle_deepfake_and_real_images_gan_or_diffusion_6d6afba5fd73.jpg,synthetic,kaggle_deepfake_and_real_images,gan_or_diffusion,tools\eval-datasets\work\kaggle\Dataset\Train\Fake\fake_58574.jpg
synthetic/kaggle_deepfake_and_real_images_gan_or_diffusion_6e2306c2ab0a.jpg,synthetic,kaggle_deepfake_and_real_images,gan_or_diffusion,tools\eval-datasets\work\kaggle\Dataset\Test\Fake\fake_4467.jpg
synthetic/kaggle_deepfake_and_real_images_gan_or_diffusion_6f606d8aba02.jpg,synthetic,kaggle_deepfake_and_real_images,gan_or_diffusion,tools\eval-datasets\work\kaggle\Dataset\Train\Fake\fake_8897.jpg
synthetic/kaggle_deepfake_and_real_images_gan_or_diffusion_70b687d87367.jpg,synthetic,kaggle_deepfake_and_real_images,gan_or_diffusion,tools\eval-datasets\work\kaggle\Dataset\Train\Fake\fake_40036.jpg
synthetic/kaggle_deepfake_and_real_images_gan_or_diffusion_711aafb9e1bc.jpg,synthetic,kaggle_deepfake_and_real_images,gan_or_diffusion,tools\eval-datasets\work\kaggle\Dataset\Train\Fake\fake_34164.jpg
synthetic/kaggle_deepfake_and_real_images_gan_or_diffusion_735b1e220260.jpg,synthetic,kaggle_deepfake_and_real_images,gan_or_diffusion,tools\eval-datasets\work\kaggle\Dataset\Train\Fake\fake_30470.jpg
synthetic/kaggle_deepfake_and_real_images_gan_or_diffusion_74eba8726995.jpg,synthetic,kaggle_deepfake_and_real_images,gan_or_diffusion,tools\eval-datasets\work\kaggle\Dataset\Validation\Fake\fake_18295.jpg
synthetic/kaggle_deepfake_and_real_images_gan_or_diffusion_762b7ad162a4.jpg,synthetic,kaggle_deepfake_and_real_images,gan_or_diffusion,tools\eval-datasets\work\kaggle\Dataset\Train\Fake\fake_16012.jpg
synthetic/kaggle_deepfake_and_real_images_gan_or_diffusion_7698811a926d.jpg,synthetic,kaggle_deepfake_and_real_images,gan_or_diffusion,tools\eval-datasets\work\kaggle\Dataset\Validation\Fake\fake_1537.jpg
synthetic/kaggle_deepfake_and_real_images_gan_or_diffusion_776f74b10503.jpg,synthetic,kaggle_deepfake_and_real_images,gan_or_diffusion,tools\eval-datasets\work\kaggle\Dataset\Train\Fake\fake_722.jpg
synthetic/kaggle_deepfake_and_real_images_gan_or_diffusion_78371b2723e4.jpg,synthetic,kaggle_deepfake_and_real_images,gan_or_diffusion,tools\eval-datasets\work\kaggle\Dataset\Train\Fake\fake_27268.jpg
synthetic/kaggle_deepfake_and_real_images_gan_or_diffusion_7d4599863c30.jpg,synthetic,kaggle_deepfake_and_real_images,gan_or_diffusion,tools\eval-datasets\work\kaggle\Dataset\Train\Fake\fake_24832.jpg
synthetic/kaggle_deepfake_and_real_images_gan_or_diffusion_7e66416cfae6.jpg,synthetic,kaggle_deepfake_and_real_images,gan_or_diffusion,tools\eval-datasets\work\kaggle\Dataset\Train\Fake\fake_60632.jpg
synthetic/kaggle_deepfake_and_real_images_gan_or_diffusion_7e996dd112ef.jpg,synthetic,kaggle_deepfake_and_real_images,gan_or_diffusion,tools\eval-datasets\work\kaggle\Dataset\Train\Fake\fake_33790.jpg
synthetic/kaggle_deepfake_and_real_images_gan_or_diffusion_7eaec695884c.jpg,synthetic,kaggle_deepfake_and_real_images,gan_or_diffusion,tools\eval-datasets\work\kaggle\Dataset\Train\Fake\fake_18296.jpg
synthetic/kaggle_deepfake_and_real_images_gan_or_diffusion_7f002be020e0.jpg,synthetic,kaggle_deepfake_and_real_images,gan_or_diffusion,tools\eval-datasets\work\kaggle\Dataset\Validation\Fake\fake_8988.jpg
synthetic/kaggle_deepfake_and_real_images_gan_or_diffusion_7f6f61afc6c0.jpg,synthetic,kaggle_deepfake_and_real_images,gan_or_diffusion,tools\eval-datasets\work\kaggle\Dataset\Train\Fake\fake_47753.jpg
synthetic/kaggle_deepfake_and_real_images_gan_or_diffusion_7f9b8983ebbd.jpg,synthetic,kaggle_deepfake_and_real_images,gan_or_diffusion,tools\eval-datasets\work\kaggle\Dataset\Train\Fake\fake_68456.jpg
synthetic/kaggle_deepfake_and_real_images_gan_or_diffusion_805ec50f635b.jpg,synthetic,kaggle_deepfake_and_real_images,gan_or_diffusion,tools\eval-datasets\work\kaggle\Dataset\Train\Fake\fake_37417.jpg
synthetic/kaggle_deepfake_and_real_images_gan_or_diffusion_81abb8983409.jpg,synthetic,kaggle_deepfake_and_real_images,gan_or_diffusion,tools\eval-datasets\work\kaggle\Dataset\Train\Fake\fake_37617.jpg
synthetic/kaggle_deepfake_and_real_images_gan_or_diffusion_82c17112d854.jpg,synthetic,kaggle_deepfake_and_real_images,gan_or_diffusion,tools\eval-datasets\work\kaggle\Dataset\Train\Fake\fake_56020.jpg
synthetic/kaggle_deepfake_and_real_images_gan_or_diffusion_82dd8d23f9d9.jpg,synthetic,kaggle_deepfake_and_real_images,gan_or_diffusion,tools\eval-datasets\work\kaggle\Dataset\Train\Fake\fake_16046.jpg
synthetic/kaggle_deepfake_and_real_images_gan_or_diffusion_832e5cece2db.jpg,synthetic,kaggle_deepfake_and_real_images,gan_or_diffusion,tools\eval-datasets\work\kaggle\Dataset\Validation\Fake\fake_16030.jpg
synthetic/kaggle_deepfake_and_real_images_gan_or_diffusion_83856f273dbb.jpg,synthetic,kaggle_deepfake_and_real_images,gan_or_diffusion,tools\eval-datasets\work\kaggle\Dataset\Train\Fake\fake_14548.jpg
synthetic/kaggle_deepfake_and_real_images_gan_or_diffusion_85f119d215e0.jpg,synthetic,kaggle_deepfake_and_real_images,gan_or_diffusion,tools\eval-datasets\work\kaggle\Dataset\Train\Fake\fake_4222.jpg
synthetic/kaggle_deepfake_and_real_images_gan_or_diffusion_867ee1008592.jpg,synthetic,kaggle_deepfake_and_real_images,gan_or_diffusion,tools\eval-datasets\work\kaggle\Dataset\Train\Fake\fake_14495.jpg
synthetic/kaggle_deepfake_and_real_images_gan_or_diffusion_8733768e90b0.jpg,synthetic,kaggle_deepfake_and_real_images,gan_or_diffusion,tools\eval-datasets\work\kaggle\Dataset\Train\Fake\fake_16833.jpg
synthetic/kaggle_deepfake_and_real_images_gan_or_diffusion_873ad0d90bd3.jpg,synthetic,kaggle_deepfake_and_real_images,gan_or_diffusion,tools\eval-datasets\work\kaggle\Dataset\Train\Fake\fake_859.jpg
synthetic/kaggle_deepfake_and_real_images_gan_or_diffusion_87cfa404992f.jpg,synthetic,kaggle_deepfake_and_real_images,gan_or_diffusion,tools\eval-datasets\work\kaggle\Dataset\Train\Fake\fake_22343.jpg
synthetic/kaggle_deepfake_and_real_images_gan_or_diffusion_89593e361392.jpg,synthetic,kaggle_deepfake_and_real_images,gan_or_diffusion,tools\eval-datasets\work\kaggle\Dataset\Train\Fake\fake_55649.jpg
synthetic/kaggle_deepfake_and_real_images_gan_or_diffusion_8a3d0b2d4d44.jpg,synthetic,kaggle_deepfake_and_real_images,gan_or_diffusion,tools\eval-datasets\work\kaggle\Dataset\Train\Fake\fake_59693.jpg
synthetic/kaggle_deepfake_and_real_images_gan_or_diffusion_8c124192faf8.jpg,synthetic,kaggle_deepfake_and_real_images,gan_or_diffusion,tools\eval-datasets\work\kaggle\Dataset\Train\Fake\fake_12849.jpg
synthetic/kaggle_deepfake_and_real_images_gan_or_diffusion_8c1c345106ed.jpg,synthetic,kaggle_deepfake_and_real_images,gan_or_diffusion,tools\eval-datasets\work\kaggle\Dataset\Train\Fake\fake_17091.jpg
synthetic/kaggle_deepfake_and_real_images_gan_or_diffusion_8c28e20b7796.jpg,synthetic,kaggle_deepfake_and_real_images,gan_or_diffusion,tools\eval-datasets\work\kaggle\Dataset\Train\Fake\fake_16868.jpg
synthetic/kaggle_deepfake_and_real_images_gan_or_diffusion_8cb7b56c2af5.jpg,synthetic,kaggle_deepfake_and_real_images,gan_or_diffusion,tools\eval-datasets\work\kaggle\Dataset\Validation\Fake\fake_5794.jpg
synthetic/kaggle_deepfake_and_real_images_gan_or_diffusion_8de7570f6380.jpg,synthetic,kaggle_deepfake_and_real_images,gan_or_diffusion,tools\eval-datasets\work\kaggle\Dataset\Train\Fake\fake_5845.jpg
synthetic/kaggle_deepfake_and_real_images_gan_or_diffusion_8e9d6fee77c6.jpg,synthetic,kaggle_deepfake_and_real_images,gan_or_diffusion,tools\eval-datasets\work\kaggle\Dataset\Validation\Fake\fake_18536.jpg
synthetic/kaggle_deepfake_and_real_images_gan_or_diffusion_8ef708e32a34.jpg,synthetic,kaggle_deepfake_and_real_images,gan_or_diffusion,tools\eval-datasets\work\kaggle\Dataset\Train\Fake\fake_5486.jpg
synthetic/kaggle_deepfake_and_real_images_gan_or_diffusion_93c37d383300.jpg,synthetic,kaggle_deepfake_and_real_images,gan_or_diffusion,tools\eval-datasets\work\kaggle\Dataset\Train\Fake\fake_25538.jpg
synthetic/kaggle_deepfake_and_real_images_gan_or_diffusion_93d35994d86b.jpg,synthetic,kaggle_deepfake_and_real_images,gan_or_diffusion,tools\eval-datasets\work\kaggle\Dataset\Validation\Fake\fake_13717.jpg
synthetic/kaggle_deepfake_and_real_images_gan_or_diffusion_93ee185a1b5f.jpg,synthetic,kaggle_deepfake_and_real_images,gan_or_diffusion,tools\eval-datasets\work\kaggle\Dataset\Train\Fake\fake_54894.jpg
synthetic/kaggle_deepfake_and_real_images_gan_or_diffusion_943bc1f90095.jpg,synthetic,kaggle_deepfake_and_real_images,gan_or_diffusion,tools\eval-datasets\work\kaggle\Dataset\Train\Fake\fake_58941.jpg
synthetic/kaggle_deepfake_and_real_images_gan_or_diffusion_95ce01aaea40.jpg,synthetic,kaggle_deepfake_and_real_images,gan_or_diffusion,tools\eval-datasets\work\kaggle\Dataset\Train\Fake\fake_54985.jpg
synthetic/kaggle_deepfake_and_real_images_gan_or_diffusion_95f04142fbf4.jpg,synthetic,kaggle_deepfake_and_real_images,gan_or_diffusion,tools\eval-datasets\work\kaggle\Dataset\Validation\Fake\fake_11350.jpg
synthetic/kaggle_deepfake_and_real_images_gan_or_diffusion_970193d6f68d.jpg,synthetic,kaggle_deepfake_and_real_images,gan_or_diffusion,tools\eval-datasets\work\kaggle\Dataset\Train\Fake\fake_6219.jpg
synthetic/kaggle_deepfake_and_real_images_gan_or_diffusion_982a2e13358b.jpg,synthetic,kaggle_deepfake_and_real_images,gan_or_diffusion,tools\eval-datasets\work\kaggle\Dataset\Train\Fake\fake_10188.jpg
synthetic/kaggle_deepfake_and_real_images_gan_or_diffusion_9893cff57840.jpg,synthetic,kaggle_deepfake_and_real_images,gan_or_diffusion,tools\eval-datasets\work\kaggle\Dataset\Train\Fake\fake_48158.jpg
synthetic/kaggle_deepfake_and_real_images_gan_or_diffusion_9bfb7d3251a2.jpg,synthetic,kaggle_deepfake_and_real_images,gan_or_diffusion,tools\eval-datasets\work\kaggle\Dataset\Train\Fake\fake_48706.jpg
synthetic/kaggle_deepfake_and_real_images_gan_or_diffusion_9efa0862d9f2.jpg,synthetic,kaggle_deepfake_and_real_images,gan_or_diffusion,tools\eval-datasets\work\kaggle\Dataset\Train\Fake\fake_52684.jpg
synthetic/kaggle_deepfake_and_real_images_gan_or_diffusion_a05b05b2252c.jpg,synthetic,kaggle_deepfake_and_real_images,gan_or_diffusion,tools\eval-datasets\work\kaggle\Dataset\Train\Fake\fake_49610.jpg
synthetic/kaggle_deepfake_and_real_images_gan_or_diffusion_a40e5b904fd6.jpg,synthetic,kaggle_deepfake_and_real_images,gan_or_diffusion,tools\eval-datasets\work\kaggle\Dataset\Train\Fake\fake_12494.jpg
synthetic/kaggle_deepfake_and_real_images_gan_or_diffusion_a40e656e8dd7.jpg,synthetic,kaggle_deepfake_and_real_images,gan_or_diffusion,tools\eval-datasets\work\kaggle\Dataset\Train\Fake\fake_27001.jpg
synthetic/kaggle_deepfake_and_real_images_gan_or_diffusion_a40f838a38de.jpg,synthetic,kaggle_deepfake_and_real_images,gan_or_diffusion,tools\eval-datasets\work\kaggle\Dataset\Train\Fake\fake_3094.jpg
synthetic/kaggle_deepfake_and_real_images_gan_or_diffusion_a4554a011590.jpg,synthetic,kaggle_deepfake_and_real_images,gan_or_diffusion,tools\eval-datasets\work\kaggle\Dataset\Train\Fake\fake_33169.jpg
synthetic/kaggle_deepfake_and_real_images_gan_or_diffusion_a6c85f04ee06.jpg,synthetic,kaggle_deepfake_and_real_images,gan_or_diffusion,tools\eval-datasets\work\kaggle\Dataset\Train\Fake\fake_52103.jpg
synthetic/kaggle_deepfake_and_real_images_gan_or_diffusion_a6d393d26b7a.jpg,synthetic,kaggle_deepfake_and_real_images,gan_or_diffusion,tools\eval-datasets\work\kaggle\Dataset\Train\Fake\fake_12521.jpg
synthetic/kaggle_deepfake_and_real_images_gan_or_diffusion_a6e54032cbde.jpg,synthetic,kaggle_deepfake_and_real_images,gan_or_diffusion,tools\eval-datasets\work\kaggle\Dataset\Test\Fake\fake_1440.jpg
synthetic/kaggle_deepfake_and_real_images_gan_or_diffusion_a8fd97aed740.jpg,synthetic,kaggle_deepfake_and_real_images,gan_or_diffusion,tools\eval-datasets\work\kaggle\Dataset\Validation\Fake\fake_3309.jpg
synthetic/kaggle_deepfake_and_real_images_gan_or_diffusion_aabd988224b0.jpg,synthetic,kaggle_deepfake_and_real_images,gan_or_diffusion,tools\eval-datasets\work\kaggle\Dataset\Validation\Fake\fake_7476.jpg
synthetic/kaggle_deepfake_and_real_images_gan_or_diffusion_ab6e17558eaa.jpg,synthetic,kaggle_deepfake_and_real_images,gan_or_diffusion,tools\eval-datasets\work\kaggle\Dataset\Validation\Fake\fake_11208.jpg
synthetic/kaggle_deepfake_and_real_images_gan_or_diffusion_b089d412d3e8.jpg,synthetic,kaggle_deepfake_and_real_images,gan_or_diffusion,tools\eval-datasets\work\kaggle\Dataset\Train\Fake\fake_13078.jpg
synthetic/kaggle_deepfake_and_real_images_gan_or_diffusion_b216736499e3.jpg,synthetic,kaggle_deepfake_and_real_images,gan_or_diffusion,tools\eval-datasets\work\kaggle\Dataset\Train\Fake\fake_19606.jpg
synthetic/kaggle_deepfake_and_real_images_gan_or_diffusion_b37a2b41f213.jpg,synthetic,kaggle_deepfake_and_real_images,gan_or_diffusion,tools\eval-datasets\work\kaggle\Dataset\Train\Fake\fake_5676.jpg
synthetic/kaggle_deepfake_and_real_images_gan_or_diffusion_b4cabe8026af.jpg,synthetic,kaggle_deepfake_and_real_images,gan_or_diffusion,tools\eval-datasets\work\kaggle\Dataset\Train\Fake\fake_22179.jpg
synthetic/kaggle_deepfake_and_real_images_gan_or_diffusion_b59a016890fc.jpg,synthetic,kaggle_deepfake_and_real_images,gan_or_diffusion,tools\eval-datasets\work\kaggle\Dataset\Train\Fake\fake_18680.jpg
synthetic/kaggle_deepfake_and_real_images_gan_or_diffusion_b6278dbd51e6.jpg,synthetic,kaggle_deepfake_and_real_images,gan_or_diffusion,tools\eval-datasets\work\kaggle\Dataset\Train\Fake\fake_67665.jpg
synthetic/kaggle_deepfake_and_real_images_gan_or_diffusion_b7d5182015ed.jpg,synthetic,kaggle_deepfake_and_real_images,gan_or_diffusion,tools\eval-datasets\work\kaggle\Dataset\Train\Fake\fake_32840.jpg
synthetic/kaggle_deepfake_and_real_images_gan_or_diffusion_b8ea8dc44921.jpg,synthetic,kaggle_deepfake_and_real_images,gan_or_diffusion,tools\eval-datasets\work\kaggle\Dataset\Validation\Fake\fake_4140.jpg
synthetic/kaggle_deepfake_and_real_images_gan_or_diffusion_ba3255edcf3f.jpg,synthetic,kaggle_deepfake_and_real_images,gan_or_diffusion,tools\eval-datasets\work\kaggle\Dataset\Validation\Fake\fake_5686.jpg
synthetic/kaggle_deepfake_and_real_images_gan_or_diffusion_baf3d354e639.jpg,synthetic,kaggle_deepfake_and_real_images,gan_or_diffusion,tools\eval-datasets\work\kaggle\Dataset\Train\Fake\fake_7577.jpg
synthetic/kaggle_deepfake_and_real_images_gan_or_diffusion_bb487b3662c2.jpg,synthetic,kaggle_deepfake_and_real_images,gan_or_diffusion,tools\eval-datasets\work\kaggle\Dataset\Train\Fake\fake_46287.jpg
synthetic/kaggle_deepfake_and_real_images_gan_or_diffusion_bb5200054879.jpg,synthetic,kaggle_deepfake_and_real_images,gan_or_diffusion,tools\eval-datasets\work\kaggle\Dataset\Train\Fake\fake_24107.jpg
synthetic/kaggle_deepfake_and_real_images_gan_or_diffusion_bbc0352ce605.jpg,synthetic,kaggle_deepfake_and_real_images,gan_or_diffusion,tools\eval-datasets\work\kaggle\Dataset\Train\Fake\fake_20962.jpg
synthetic/kaggle_deepfake_and_real_images_gan_or_diffusion_bce465d7e673.jpg,synthetic,kaggle_deepfake_and_real_images,gan_or_diffusion,tools\eval-datasets\work\kaggle\Dataset\Train\Fake\fake_45034.jpg
synthetic/kaggle_deepfake_and_real_images_gan_or_diffusion_bcfa2ba3b95a.jpg,synthetic,kaggle_deepfake_and_real_images,gan_or_diffusion,tools\eval-datasets\work\kaggle\Dataset\Train\Fake\fake_45061.jpg
synthetic/kaggle_deepfake_and_real_images_gan_or_diffusion_bee5d00f6ca2.jpg,synthetic,kaggle_deepfake_and_real_images,gan_or_diffusion,tools\eval-datasets\work\kaggle\Dataset\Train\Fake\fake_24947.jpg
synthetic/kaggle_deepfake_and_real_images_gan_or_diffusion_c14d7d9b5ba2.jpg,synthetic,kaggle_deepfake_and_real_images,gan_or_diffusion,tools\eval-datasets\work\kaggle\Dataset\Train\Fake\fake_66244.jpg
synthetic/kaggle_deepfake_and_real_images_gan_or_diffusion_c1fd068b30ac.jpg,synthetic,kaggle_deepfake_and_real_images,gan_or_diffusion,tools\eval-datasets\work\kaggle\Dataset\Train\Fake\fake_33421.jpg
synthetic/kaggle_deepfake_and_real_images_gan_or_diffusion_c4864ecb605a.jpg,synthetic,kaggle_deepfake_and_real_images,gan_or_diffusion,tools\eval-datasets\work\kaggle\Dataset\Validation\Fake\fake_5258.jpg
synthetic/kaggle_deepfake_and_real_images_gan_or_diffusion_c57f475b27d9.jpg,synthetic,kaggle_deepfake_and_real_images,gan_or_diffusion,tools\eval-datasets\work\kaggle\Dataset\Train\Fake\fake_28056.jpg
synthetic/kaggle_deepfake_and_real_images_gan_or_diffusion_c6027e96f326.jpg,synthetic,kaggle_deepfake_and_real_images,gan_or_diffusion,tools\eval-datasets\work\kaggle\Dataset\Validation\Fake\fake_4976.jpg
synthetic/kaggle_deepfake_and_real_images_gan_or_diffusion_c7adb0fbb8a2.jpg,synthetic,kaggle_deepfake_and_real_images,gan_or_diffusion,tools\eval-datasets\work\kaggle\Dataset\Train\Fake\fake_52265.jpg
synthetic/kaggle_deepfake_and_real_images_gan_or_diffusion_c90ed249cc3f.jpg,synthetic,kaggle_deepfake_and_real_images,gan_or_diffusion,tools\eval-datasets\work\kaggle\Dataset\Train\Fake\fake_4309.jpg
synthetic/kaggle_deepfake_and_real_images_gan_or_diffusion_c95ae76583ed.jpg,synthetic,kaggle_deepfake_and_real_images,gan_or_diffusion,tools\eval-datasets\work\kaggle\Dataset\Train\Fake\fake_34613.jpg
synthetic/kaggle_deepfake_and_real_images_gan_or_diffusion_ca15dc14f0af.jpg,synthetic,kaggle_deepfake_and_real_images,gan_or_diffusion,tools\eval-datasets\work\kaggle\Dataset\Validation\Fake\fake_2646.jpg
synthetic/kaggle_deepfake_and_real_images_gan_or_diffusion_cbf3ca1a523d.jpg,synthetic,kaggle_deepfake_and_real_images,gan_or_diffusion,tools\eval-datasets\work\kaggle\Dataset\Train\Fake\fake_58703.jpg
synthetic/kaggle_deepfake_and_real_images_gan_or_diffusion_cc4f5bb291e6.jpg,synthetic,kaggle_deepfake_and_real_images,gan_or_diffusion,tools\eval-datasets\work\kaggle\Dataset\Train\Fake\fake_32631.jpg
synthetic/kaggle_deepfake_and_real_images_gan_or_diffusion_ccc3375925cf.jpg,synthetic,kaggle_deepfake_and_real_images,gan_or_diffusion,tools\eval-datasets\work\kaggle\Dataset\Train\Fake\fake_38765.jpg
synthetic/kaggle_deepfake_and_real_images_gan_or_diffusion_ce122177311d.jpg,synthetic,kaggle_deepfake_and_real_images,gan_or_diffusion,tools\eval-datasets\work\kaggle\Dataset\Train\Fake\fake_55262.jpg
synthetic/kaggle_deepfake_and_real_images_gan_or_diffusion_cecd68a7dfae.jpg,synthetic,kaggle_deepfake_and_real_images,gan_or_diffusion,tools\eval-datasets\work\kaggle\Dataset\Train\Fake\fake_6752.jpg
synthetic/kaggle_deepfake_and_real_images_gan_or_diffusion_d0e4e2f49e7f.jpg,synthetic,kaggle_deepfake_and_real_images,gan_or_diffusion,tools\eval-datasets\work\kaggle\Dataset\Test\Fake\fake_2135.jpg
synthetic/kaggle_deepfake_and_real_images_gan_or_diffusion_d10b14b9d8ea.jpg,synthetic,kaggle_deepfake_and_real_images,gan_or_diffusion,tools\eval-datasets\work\kaggle\Dataset\Train\Fake\fake_59383.jpg
synthetic/kaggle_deepfake_and_real_images_gan_or_diffusion_d11693970140.jpg,synthetic,kaggle_deepfake_and_real_images,gan_or_diffusion,tools\eval-datasets\work\kaggle\Dataset\Validation\Fake\fake_17473.jpg
synthetic/kaggle_deepfake_and_real_images_gan_or_diffusion_d27c8637a1ef.jpg,synthetic,kaggle_deepfake_and_real_images,gan_or_diffusion,tools\eval-datasets\work\kaggle\Dataset\Train\Fake\fake_62072.jpg
synthetic/kaggle_deepfake_and_real_images_gan_or_diffusion_d3f3fa23a79a.jpg,synthetic,kaggle_deepfake_and_real_images,gan_or_diffusion,tools\eval-datasets\work\kaggle\Dataset\Train\Fake\fake_61804.jpg
synthetic/kaggle_deepfake_and_real_images_gan_or_diffusion_d410b6fe0dc8.jpg,synthetic,kaggle_deepfake_and_real_images,gan_or_diffusion,tools\eval-datasets\work\kaggle\Dataset\Train\Fake\fake_65458.jpg
synthetic/kaggle_deepfake_and_real_images_gan_or_diffusion_d42c7c8a8904.jpg,synthetic,kaggle_deepfake_and_real_images,gan_or_diffusion,tools\eval-datasets\work\kaggle\Dataset\Train\Fake\fake_7517.jpg
synthetic/kaggle_deepfake_and_real_images_gan_or_diffusion_d6a6d23b6b29.jpg,synthetic,kaggle_deepfake_and_real_images,gan_or_diffusion,tools\eval-datasets\work\kaggle\Dataset\Train\Fake\fake_52239.jpg
synthetic/kaggle_deepfake_and_real_images_gan_or_diffusion_d8f9a9835b6a.jpg,synthetic,kaggle_deepfake_and_real_images,gan_or_diffusion,tools\eval-datasets\work\kaggle\Dataset\Train\Fake\fake_53631.jpg
synthetic/kaggle_deepfake_and_real_images_gan_or_diffusion_d92df0730df2.jpg,synthetic,kaggle_deepfake_and_real_images,gan_or_diffusion,tools\eval-datasets\work\kaggle\Dataset\Validation\Fake\fake_1324.jpg
synthetic/kaggle_deepfake_and_real_images_gan_or_diffusion_da8a3bea8480.jpg,synthetic,kaggle_deepfake_and_real_images,gan_or_diffusion,tools\eval-datasets\work\kaggle\Dataset\Train\Fake\fake_10935.jpg
synthetic/kaggle_deepfake_and_real_images_gan_or_diffusion_da9ccbb301f8.jpg,synthetic,kaggle_deepfake_and_real_images,gan_or_diffusion,tools\eval-datasets\work\kaggle\Dataset\Train\Fake\fake_25713.jpg
synthetic/kaggle_deepfake_and_real_images_gan_or_diffusion_dafa37db4016.jpg,synthetic,kaggle_deepfake_and_real_images,gan_or_diffusion,tools\eval-datasets\work\kaggle\Dataset\Train\Fake\fake_13188.jpg
synthetic/kaggle_deepfake_and_real_images_gan_or_diffusion_dbc424f5d326.jpg,synthetic,kaggle_deepfake_and_real_images,gan_or_diffusion,tools\eval-datasets\work\kaggle\Dataset\Train\Fake\fake_53991.jpg
synthetic/kaggle_deepfake_and_real_images_gan_or_diffusion_dde993b870cc.jpg,synthetic,kaggle_deepfake_and_real_images,gan_or_diffusion,tools\eval-datasets\work\kaggle\Dataset\Train\Fake\fake_19840.jpg
synthetic/kaggle_deepfake_and_real_images_gan_or_diffusion_de01859053c1.jpg,synthetic,kaggle_deepfake_and_real_images,gan_or_diffusion,tools\eval-datasets\work\kaggle\Dataset\Train\Fake\fake_44760.jpg
synthetic/kaggle_deepfake_and_real_images_gan_or_diffusion_df4a452078e3.jpg,synthetic,kaggle_deepfake_and_real_images,gan_or_diffusion,tools\eval-datasets\work\kaggle\Dataset\Train\Fake\fake_47000.jpg
synthetic/kaggle_deepfake_and_real_images_gan_or_diffusion_e380a5479b2b.jpg,synthetic,kaggle_deepfake_and_real_images,gan_or_diffusion,tools\eval-datasets\work\kaggle\Dataset\Train\Fake\fake_42181.jpg
synthetic/kaggle_deepfake_and_real_images_gan_or_diffusion_e55476991a24.jpg,synthetic,kaggle_deepfake_and_real_images,gan_or_diffusion,tools\eval-datasets\work\kaggle\Dataset\Train\Fake\fake_26640.jpg
synthetic/kaggle_deepfake_and_real_images_gan_or_diffusion_e683587bc028.jpg,synthetic,kaggle_deepfake_and_real_images,gan_or_diffusion,tools\eval-datasets\work\kaggle\Dataset\Train\Fake\fake_29482.jpg
synthetic/kaggle_deepfake_and_real_images_gan_or_diffusion_e73e62fcdd2f.jpg,synthetic,kaggle_deepfake_and_real_images,gan_or_diffusion,tools\eval-datasets\work\kaggle\Dataset\Train\Fake\fake_24185.jpg
synthetic/kaggle_deepfake_and_real_images_gan_or_diffusion_e9988dc0cd04.jpg,synthetic,kaggle_deepfake_and_real_images,gan_or_diffusion,tools\eval-datasets\work\kaggle\Dataset\Train\Fake\fake_43323.jpg
synthetic/kaggle_deepfake_and_real_images_gan_or_diffusion_e9ea060fb148.jpg,synthetic,kaggle_deepfake_and_real_images,gan_or_diffusion,tools\eval-datasets\work\kaggle\Dataset\Train\Fake\fake_2754.jpg
synthetic/kaggle_deepfake_and_real_images_gan_or_diffusion_ea950c4679d1.jpg,synthetic,kaggle_deepfake_and_real_images,gan_or_diffusion,tools\eval-datasets\work\kaggle\Dataset\Train\Fake\fake_35025.jpg
synthetic/kaggle_deepfake_and_real_images_gan_or_diffusion_ec4d60baac5f.jpg,synthetic,kaggle_deepfake_and_real_images,gan_or_diffusion,tools\eval-datasets\work\kaggle\Dataset\Train\Fake\fake_12647.jpg
synthetic/kaggle_deepfake_and_real_images_gan_or_diffusion_eddbdf6442d2.jpg,synthetic,kaggle_deepfake_and_real_images,gan_or_diffusion,tools\eval-datasets\work\kaggle\Dataset\Train\Fake\fake_31049.jpg
synthetic/kaggle_deepfake_and_real_images_gan_or_diffusion_ef68ec024993.jpg,synthetic,kaggle_deepfake_and_real_images,gan_or_diffusion,tools\eval-datasets\work\kaggle\Dataset\Train\Fake\fake_44892.jpg
synthetic/kaggle_deepfake_and_real_images_gan_or_diffusion_ef9987a36ff1.jpg,synthetic,kaggle_deepfake_and_real_images,gan_or_diffusion,tools\eval-datasets\work\kaggle\Dataset\Train\Fake\fake_6102.jpg
synthetic/kaggle_deepfake_and_real_images_gan_or_diffusion_f10e813c90a5.jpg,synthetic,kaggle_deepfake_and_real_images,gan_or_diffusion,tools\eval-datasets\work\kaggle\Dataset\Train\Fake\fake_38913.jpg
synthetic/kaggle_deepfake_and_real_images_gan_or_diffusion_f24809beb690.jpg,synthetic,kaggle_deepfake_and_real_images,gan_or_diffusion,tools\eval-datasets\work\kaggle\Dataset\Train\Fake\fake_55608.jpg
synthetic/kaggle_deepfake_and_real_images_gan_or_diffusion_f43cb8d04f1a.jpg,synthetic,kaggle_deepfake_and_real_images,gan_or_diffusion,tools\eval-datasets\work\kaggle\Dataset\Test\Fake\fake_3764.jpg
synthetic/kaggle_deepfake_and_real_images_gan_or_diffusion_f4c40404036c.jpg,synthetic,kaggle_deepfake_and_real_images,gan_or_diffusion,tools\eval-datasets\work\kaggle\Dataset\Train\Fake\fake_42780.jpg
synthetic/kaggle_deepfake_and_real_images_gan_or_diffusion_f510921185ca.jpg,synthetic,kaggle_deepfake_and_real_images,gan_or_diffusion,tools\eval-datasets\work\kaggle\Dataset\Train\Fake\fake_4903.jpg
synthetic/kaggle_deepfake_and_real_images_gan_or_diffusion_f514a56dab75.jpg,synthetic,kaggle_deepfake_and_real_images,gan_or_diffusion,tools\eval-datasets\work\kaggle\Dataset\Train\Fake\fake_15563.jpg
synthetic/kaggle_deepfake_and_real_images_gan_or_diffusion_f6212f381770.jpg,synthetic,kaggle_deepfake_and_real_images,gan_or_diffusion,tools\eval-datasets\work\kaggle\Dataset\Train\Fake\fake_63274.jpg
synthetic/kaggle_deepfake_and_real_images_gan_or_diffusion_f71350a44b57.jpg,synthetic,kaggle_deepfake_and_real_images,gan_or_diffusion,tools\eval-datasets\work\kaggle\Dataset\Train\Fake\fake_21881.jpg
synthetic/kaggle_deepfake_and_real_images_gan_or_diffusion_f81a84e1b936.jpg,synthetic,kaggle_deepfake_and_real_images,gan_or_diffusion,tools\eval-datasets\work\kaggle\Dataset\Test\Fake\fake_3036.jpg
synthetic/kaggle_deepfake_and_real_images_gan_or_diffusion_f9a8b046d43e.jpg,synthetic,kaggle_deepfake_and_real_images,gan_or_diffusion,tools\eval-datasets\work\kaggle\Dataset\Train\Fake\fake_47742.jpg
synthetic/kaggle_deepfake_and_real_images_gan_or_diffusion_f9c9bb804912.jpg,synthetic,kaggle_deepfake_and_real_images,gan_or_diffusion,tools\eval-datasets\work\kaggle\Dataset\Train\Fake\fake_2407.jpg
synthetic/kaggle_deepfake_and_real_images_gan_or_diffusion_fb58d0bb0b17.jpg,synthetic,kaggle_deepfake_and_real_images,gan_or_diffusion,tools\eval-datasets\work\kaggle\Dataset\Validation\Fake\fake_17710.jpg
synthetic/kaggle_deepfake_and_real_images_gan_or_diffusion_fb76cb825b1d.jpg,synthetic,kaggle_deepfake_and_real_images,gan_or_diffusion,tools\eval-datasets\work\kaggle\Dataset\Train\Fake\fake_50011.jpg
synthetic/kaggle_deepfake_and_real_images_gan_or_diffusion_fb7a50798b10.jpg,synthetic,kaggle_deepfake_and_real_images,gan_or_diffusion,tools\eval-datasets\work\kaggle\Dataset\Train\Fake\fake_23906.jpg
synthetic/kaggle_deepfake_and_real_images_gan_or_diffusion_fd35af2489eb.jpg,synthetic,kaggle_deepfake_and_real_images,gan_or_diffusion,tools\eval-datasets\work\kaggle\Dataset\Validation\Fake\fake_10477.jpg
synthetic/kaggle_deepfake_and_real_images_gan_or_diffusion_ff41fc1f36bf.jpg,synthetic,kaggle_deepfake_and_real_images,gan_or_diffusion,tools\eval-datasets\work\kaggle\Dataset\Train\Fake\fake_43851.jpg
synthetic/kaggle_deepfake_and_real_images_gan_or_diffusion_ff962a02a7f4.jpg,synthetic,kaggle_deepfake_and_real_images,gan_or_diffusion,tools\eval-datasets\work\kaggle\Dataset\Train\Fake\fake_1918.jpg
synthetic/kaggle_deepfake_and_real_images_gan_or_diffusion_ffed62bb25da.jpg,synthetic,kaggle_deepfake_and_real_images,gan_or_diffusion,tools\eval-datasets\work\kaggle\Dataset\Validation\Fake\fake_9203.jpg
